Customer_ID,Age,Gender,Region,Platform,Membership_Type,Annual_Spending,Purchase_Frequency,Returns_Count,Online_Purchase_Ratio,Preferred_Payment_Method,Customer_Tenure_Months
1522,28.0,Male,Central,Flipkart,Platinum,43444.3,24.0,3.0,0.53,Cash,56.0
1738,46.0,Female,West,,,,10.0,2.0,0.15,Credit Card,18.0
1741,46.0,Female,West,,Platinum,30250.27,30.0,,0.55,Digital Wallet,29.0
1661,46.0,Female,West,Croma,Platinum,38433.06,19.0,2.0,0.32,,24.0
1412,,Male,,Croma,Silver,5999.76,11.0,0.0,0.75,Cash,
1679,44.0,Female,,AJIO,Gold,,3.0,,,Debit Card,28.0
1627,45.0,,North,Flipkart,Gold,,33.0,1.0,0.46,Digital Wallet,13.0
1514,51.0,Male,West,Croma,,7329.41,6.0,1.0,0.53,Digital Wallet,25.0
1860,32.0,Male,West,Meesho,Platinum,70140.48,40.0,3.0,0.69,Debit Card,65.0
1137,34.0,Male,East,Flipkart,Gold,35709.26,25.0,0.0,0.33,Credit Card,41.0
1812,,Male,East,,Bronze,,14.0,2.0,0.3,Credit Card,10.0
1077,23.0,Female,,Croma,Bronze,1792.23,7.0,0.0,,Credit Card,10.0
,36.0,,South,Croma,Platinum,29404.12,28.0,2.0,0.56,Credit Card,39.0
1974,28.0,Male,East,AJIO,Platinum,51076.37,28.0,,,,46.0
1939,18.0,Female,South,,,72723.52,48.0,,,Digital Wallet,55.0
1900,,,East,Reliance Digital,Platinum,87028.11,56.0,3.0,0.66,Credit Card,32.0
1281,50.0,Female,North,Flipkart,Gold,8379.03,11.0,,0.88,Digital Wallet,23.0
1884,40.0,Male,North,Reliance Digital,Platinum,94895.5,39.0,,0.77,Credit Card,
1762,52.0,Male,East,,,39391.78,25.0,5.0,0.44,Debit Card,39.0
1320,33.0,Female,North,Croma,Platinum,,20.0,,0.54,Credit Card,12.0
1550,24.0,Female,South,Flipkart,Silver,,14.0,0.0,0.16,,28.0
1175,,,East,,,,12.0,0.0,0.14,Cash,3.0
,25.0,Female,North,Flipkart,Gold,74849.94,56.0,1.0,0.64,Buy Now Pay Later,71.0
1528,37.0,Female,East,Reliance Digital,Gold,31543.99,38.0,1.0,,Buy Now Pay Later,40.0
1211,,Female,,Meesho,Gold,34066.96,19.0,3.0,,Credit Card,31.0
1236,19.0,Male,,Meesho,Bronze,1313.73,10.0,,0.24,Credit Card,14.0
1102,63.0,,West,Croma,,1132.74,8.0,2.0,0.27,Debit Card,23.0
1987,19.0,Female,West,Snapdeal,Bronze,843.85,,1.0,0.3,Debit Card,7.0
1903,,Male,South,Amazon,Gold,96879.68,34.0,0.0,0.4,,37.0
1948,45.0,Female,North,Reliance Digital,Silver,4097.63,6.0,1.0,0.55,Debit Card,15.0
1347,65.0,Female,North,Myntra,Silver,977.77,4.0,1.0,0.33,Credit Card,17.0
1140,25.0,,Central,Croma,Platinum,8470.24,7.0,,0.58,Credit Card,36.0
1622,58.0,Female,West,Nykaa,Platinum,43456.13,25.0,5.0,0.5,Cash,42.0
1500,66.0,,,Amazon,Gold,6848.13,8.0,,0.71,Credit Card,20.0
1371,60.0,Female,Central,Reliance Digital,Platinum,56359.66,,2.0,0.63,Credit Card,76.0
1199,61.0,,,Meesho,Gold,6374.33,,1.0,0.75,Digital Wallet,36.0
,62.0,Female,South,,Gold,,,3.0,0.45,Credit Card,15.0
1585,67.0,Female,,Nykaa,Silver,1231.8,10.0,0.0,0.26,Buy Now Pay Later,30.0
1902,43.0,,North,,Gold,55311.91,45.0,1.0,0.6,Debit Card,76.0
,,Female,South,,Platinum,,24.0,2.0,,Debit Card,20.0
1329,44.0,Female,,Meesho,Gold,37114.38,28.0,,0.35,Cash,51.0
1097,21.0,Female,,Meesho,Gold,39487.36,22.0,1.0,0.41,Debit Card,48.0
1313,,Female,South,Flipkart,Platinum,70952.4,42.0,2.0,0.76,Debit Card,49.0
1975,56.0,Female,South,Flipkart,Gold,88358.79,43.0,,0.69,Credit Card,40.0
1300,28.0,Male,,,,,,0.0,0.63,Credit Card,36.0
1278,43.0,Male,North,Amazon,Bronze,1621.84,10.0,1.0,0.21,Debit Card,13.0
1925,27.0,Male,South,Flipkart,Platinum,26231.64,14.0,,0.58,Credit Card,13.0
1602,,Male,South,AJIO,Gold,25783.51,26.0,3.0,,Debit Card,
1440,27.0,Male,Central,Reliance Digital,Gold,81498.51,47.0,0.0,0.41,Debit Card,72.0
1838,23.0,Female,South,Myntra,Gold,51976.21,24.0,5.0,0.33,Digital Wallet,
1571,48.0,,North,Snapdeal,Gold,44420.36,22.0,0.0,0.42,Credit Card,29.0
1880,42.0,Female,East,Nykaa,,24774.93,25.0,,0.32,,
1262,38.0,Female,,Meesho,Gold,,10.0,1.0,0.63,Debit Card,13.0
1579,,,,Flipkart,Gold,31683.07,,5.0,0.53,Digital Wallet,34.0
1024,43.0,Female,,Snapdeal,Platinum,36976.62,24.0,4.0,,Debit Card,
1031,59.0,Female,South,Snapdeal,Bronze,862.95,14.0,2.0,0.12,Digital Wallet,12.0
1618,54.0,Female,,Flipkart,Platinum,22432.95,32.0,2.0,0.35,Credit Card,35.0
1011,,Female,North,Croma,Gold,99217.39,53.0,3.0,0.55,Credit Card,42.0
1222,44.0,Male,East,Amazon,,810.75,2.0,2.0,0.28,Credit Card,35.0
1821,61.0,Male,West,,,1089.74,9.0,1.0,0.17,Credit Card,9.0
1297,,Male,West,,Bronze,1438.01,7.0,1.0,0.2,Debit Card,
1055,39.0,,North,Nykaa,Bronze,1312.88,12.0,2.0,0.1,Credit Card,8.0
1543,52.0,,Central,Snapdeal,,40586.57,22.0,3.0,0.53,Digital Wallet,28.0
1210,51.0,Male,South,Flipkart,Platinum,99226.7,,1.0,,Digital Wallet,45.0
1605,43.0,Male,West,Reliance Digital,Platinum,70417.71,,1.0,,Credit Card,44.0
1693,30.0,Male,East,Myntra,Platinum,27829.34,25.0,1.0,0.57,Buy Now Pay Later,56.0
1663,40.0,Male,South,Amazon,Silver,,,2.0,0.29,Digital Wallet,23.0
1867,25.0,Male,,Myntra,Platinum,62349.38,46.0,1.0,0.54,Cash,
1071,63.0,Female,East,Snapdeal,Silver,1369.69,10.0,2.0,,Credit Card,29.0
1544,60.0,Male,North,Reliance Digital,Silver,1648.84,6.0,2.0,0.4,Credit Card,28.0
1108,,Male,South,Myntra,Bronze,1264.54,8.0,1.0,0.14,Credit Card,
1494,35.0,,Central,Reliance Digital,,,45.0,0.0,0.48,Digital Wallet,76.0
1591,20.0,Male,South,,Gold,,61.0,,0.51,Debit Card,80.0
1742,47.0,Female,East,Snapdeal,Platinum,52105.67,31.0,,0.52,Credit Card,43.0
1293,,Male,West,Amazon,,1117.66,7.0,1.0,0.17,Credit Card,9.0
,24.0,,South,Snapdeal,Bronze,1451.81,,2.0,,Debit Card,
1653,20.0,Female,North,AJIO,Silver,1328.35,9.0,1.0,0.31,Digital Wallet,35.0
1040,31.0,Female,North,Reliance Digital,Platinum,,21.0,4.0,0.52,Credit Card,19.0
1590,57.0,Male,,Meesho,Platinum,103182.38,,0.0,0.75,Credit Card,26.0
1308,45.0,Male,North,AJIO,Platinum,35539.95,26.0,,,Digital Wallet,17.0
1680,64.0,Male,East,AJIO,Platinum,7107.54,6.0,0.0,0.88,,38.0
1067,42.0,Female,West,,Platinum,87843.72,56.0,2.0,,Credit Card,68.0
1276,35.0,Female,East,,Platinum,42734.08,25.0,2.0,0.47,Digital Wallet,21.0
1068,50.0,Female,,Myntra,Silver,1169.67,13.0,0.0,0.2,Credit Card,17.0
1319,43.0,Male,Central,,Gold,78574.82,31.0,1.0,0.77,Debit Card,68.0
1549,35.0,Female,North,Reliance Digital,Gold,27926.73,8.0,1.0,0.46,,23.0
1999,33.0,Male,North,Amazon,Silver,,13.0,1.0,0.74,Digital Wallet,10.0
1715,19.0,Male,Central,AJIO,Gold,29468.92,28.0,,0.42,Digital Wallet,26.0
1754,66.0,Male,West,Nykaa,Platinum,33259.05,23.0,2.0,0.54,Digital Wallet,54.0
1328,31.0,Female,South,,Bronze,1001.09,7.0,2.0,0.15,Digital Wallet,14.0
,38.0,Female,,AJIO,Bronze,1024.57,11.0,1.0,0.22,Cash,34.0
,,Female,South,AJIO,,695.43,12.0,2.0,0.13,Credit Card,12.0
1523,61.0,Female,South,Flipkart,Platinum,6976.21,5.0,1.0,0.62,Cash,15.0
1219,,,West,Flipkart,Bronze,1491.22,8.0,2.0,0.34,Credit Card,23.0
1788,21.0,Female,West,Flipkart,Platinum,34667.13,30.0,4.0,0.38,Cash,27.0
1437,65.0,Male,North,Myntra,Platinum,86974.67,43.0,1.0,0.55,,66.0
1765,25.0,Female,South,Croma,,74779.3,55.0,2.0,0.46,,
,25.0,Male,South,Reliance Digital,Silver,5731.38,10.0,0.0,0.73,Digital Wallet,45.0
1064,54.0,Male,East,,Platinum,39473.27,37.0,,0.43,Buy Now Pay Later,
1827,,Female,,,,29461.19,,4.0,0.36,,13.0
1717,,Male,East,,Silver,830.56,10.0,0.0,,Debit Card,11.0
,23.0,Female,West,Flipkart,,4826.94,8.0,1.0,,Buy Now Pay Later,
,20.0,Female,East,Reliance Digital,Platinum,97918.11,53.0,0.0,0.59,Digital Wallet,58.0
,,Male,East,Nykaa,Silver,5582.09,14.0,0.0,0.82,,33.0
1636,50.0,Male,East,Croma,Platinum,26252.11,,0.0,0.51,Credit Card,46.0
1645,42.0,Female,North,AJIO,Platinum,70502.15,,0.0,0.6,Credit Card,
1555,59.0,Male,North,Flipkart,,8749.6,4.0,1.0,0.83,Credit Card,20.0
,63.0,Female,East,Nykaa,Silver,1142.05,10.0,1.0,0.3,Debit Card,12.0
1169,,Female,South,Meesho,Platinum,105504.86,49.0,3.0,0.72,Debit Card,44.0
1918,26.0,,West,AJIO,Gold,6864.06,10.0,0.0,0.79,Credit Card,20.0
1529,,Male,,AJIO,Platinum,79293.89,,0.0,0.77,Credit Card,64.0
1824,27.0,Female,North,Myntra,Platinum,38888.31,,,0.5,Cash,
1986,29.0,Female,North,Reliance Digital,Platinum,41348.84,26.0,4.0,0.36,Credit Card,14.0
1817,19.0,,West,,Bronze,1611.51,12.0,,0.26,Credit Card,8.0
1087,43.0,,East,AJIO,,1132.56,7.0,2.0,0.12,Cash,20.0
,46.0,Male,North,Meesho,Bronze,1107.63,12.0,0.0,0.16,Debit Card,28.0
1185,34.0,Male,North,Amazon,,40434.99,17.0,0.0,,Digital Wallet,58.0
,,Female,Central,Flipkart,,29226.19,20.0,,0.38,,41.0
1535,20.0,,South,Myntra,Silver,,9.0,0.0,0.36,Debit Card,28.0
1295,20.0,Male,,AJIO,Platinum,78829.15,44.0,0.0,,Digital Wallet,31.0
1893,66.0,Female,East,Myntra,Bronze,1175.35,14.0,0.0,,Buy Now Pay Later,
1426,34.0,Male,North,Amazon,,54556.66,,2.0,,Credit Card,
1714,46.0,Female,West,,Platinum,32477.63,18.0,4.0,0.44,Cash,36.0
1261,33.0,Male,North,Snapdeal,,1879.98,,1.0,0.15,Buy Now Pay Later,24.0
1238,67.0,Female,Central,Snapdeal,Gold,69444.74,53.0,,0.47,Digital Wallet,46.0
1560,,Female,North,Flipkart,Bronze,1418.86,6.0,1.0,0.37,Debit Card,23.0
1584,24.0,Female,South,Nykaa,,38187.55,26.0,0.0,0.3,Credit Card,53.0
1446,62.0,Male,North,Croma,,,3.0,,0.52,Credit Card,42.0
1868,29.0,Male,,Amazon,Platinum,103735.0,55.0,1.0,0.76,Debit Card,36.0
1801,65.0,Female,,,Bronze,1413.34,6.0,1.0,0.25,Credit Card,9.0
1600,21.0,Male,West,AJIO,Gold,94377.23,51.0,2.0,0.46,Debit Card,81.0
1850,64.0,Female,North,Meesho,Silver,761.3,12.0,1.0,0.37,Credit Card,33.0
1266,54.0,Female,North,Meesho,Silver,729.76,6.0,0.0,0.31,Digital Wallet,30.0
1996,39.0,Female,East,Amazon,Platinum,,50.0,0.0,0.52,Credit Card,
1530,48.0,Male,East,Nykaa,,,10.0,0.0,0.63,Credit Card,12.0
1056,28.0,Female,West,Flipkart,Gold,5734.73,5.0,1.0,0.85,Debit Card,43.0
1121,27.0,Female,West,Reliance Digital,,913.63,11.0,,0.12,Cash,18.0
1216,40.0,Male,East,AJIO,Platinum,28083.47,34.0,3.0,0.58,Credit Card,56.0
1026,,Male,South,Flipkart,Bronze,755.84,12.0,0.0,0.24,Debit Card,26.0
,59.0,,North,Flipkart,Platinum,81697.08,31.0,1.0,0.64,Credit Card,63.0
1045,41.0,Female,South,Amazon,Gold,30808.03,16.0,4.0,0.4,Credit Card,46.0
1248,48.0,,West,Reliance Digital,Gold,,,0.0,0.69,Debit Card,30.0
1722,55.0,Female,East,Meesho,Gold,89393.39,47.0,1.0,0.7,Digital Wallet,81.0
,,Female,,Flipkart,Platinum,30844.86,24.0,,0.32,Credit Card,
1894,33.0,Male,Central,Reliance Digital,Gold,33579.23,27.0,0.0,0.57,Credit Card,45.0
1915,26.0,Male,North,Myntra,Bronze,901.62,7.0,0.0,0.34,Debit Card,5.0
1811,66.0,Male,,Meesho,Gold,,14.0,1.0,0.55,Digital Wallet,14.0
1245,29.0,Female,,,Gold,100228.42,46.0,0.0,0.61,Credit Card,57.0
1823,59.0,Female,,Flipkart,Platinum,34596.3,19.0,0.0,0.33,Debit Card,22.0
1322,50.0,Female,South,Croma,Bronze,1474.2,,1.0,,,25.0
,33.0,,North,Snapdeal,Gold,30176.28,,5.0,0.54,,
1159,57.0,,North,Reliance Digital,Gold,22432.05,,1.0,0.39,Debit Card,44.0
1978,42.0,Female,Central,Meesho,Platinum,101548.26,59.0,,0.64,Debit Card,66.0
1430,30.0,Female,,,Gold,97924.54,49.0,3.0,,Cash,
1942,29.0,Female,South,Amazon,Bronze,1825.28,15.0,1.0,0.18,Debit Card,
1463,30.0,Female,South,Flipkart,,1750.6,11.0,0.0,0.25,,
1310,36.0,Male,West,Flipkart,Gold,26181.66,,1.0,0.46,Cash,
1698,41.0,Female,South,Amazon,Bronze,1490.21,10.0,0.0,0.35,Cash,
1061,37.0,Male,Central,,Platinum,40275.04,,5.0,0.34,Digital Wallet,25.0
1885,,Female,North,Amazon,Bronze,1740.41,3.0,0.0,0.28,Debit Card,22.0
1596,46.0,Female,,Amazon,,33055.51,,5.0,0.31,Credit Card,35.0
1768,27.0,Male,East,AJIO,Platinum,7732.84,5.0,1.0,0.69,Credit Card,47.0
1650,60.0,Male,North,Reliance Digital,Platinum,24692.4,27.0,1.0,0.57,Debit Card,
1651,55.0,Female,West,Snapdeal,Platinum,,46.0,0.0,,Cash,57.0
1866,18.0,Female,South,AJIO,Bronze,,4.0,1.0,0.2,Credit Card,28.0
1669,24.0,Male,,Flipkart,Platinum,97646.58,57.0,1.0,0.54,Digital Wallet,
1299,,Female,North,Reliance Digital,Bronze,1339.92,5.0,0.0,0.23,,
,23.0,Female,,Reliance Digital,Platinum,,37.0,3.0,,Credit Card,59.0
1315,50.0,Female,,Nykaa,Bronze,1343.89,10.0,1.0,,Digital Wallet,31.0
1311,20.0,Female,Central,AJIO,Platinum,37369.48,26.0,3.0,0.53,Credit Card,31.0
1362,39.0,Female,Central,Amazon,,511.21,11.0,1.0,0.2,Credit Card,12.0
1480,33.0,Male,South,Amazon,Platinum,27113.57,,0.0,,Credit Card,13.0
1111,41.0,Female,South,Nykaa,Gold,33225.39,28.0,2.0,0.57,Buy Now Pay Later,28.0
,22.0,Male,South,Nykaa,Bronze,937.15,7.0,0.0,0.37,Digital Wallet,
1487,29.0,Male,South,Amazon,,91551.15,46.0,2.0,0.74,Credit Card,41.0
,46.0,Female,East,Amazon,Gold,33963.86,27.0,2.0,0.44,Cash,59.0
1255,34.0,,South,,Platinum,83994.89,43.0,1.0,0.69,Digital Wallet,26.0
1260,36.0,Male,,,Gold,67762.68,35.0,0.0,0.5,Cash,81.0
1803,62.0,Male,West,Snapdeal,Silver,1531.22,14.0,1.0,0.25,Credit Card,14.0
1678,67.0,Male,East,Snapdeal,Platinum,46734.99,27.0,2.0,0.58,Digital Wallet,15.0
1495,61.0,Female,South,Amazon,Platinum,21084.9,28.0,2.0,0.54,Credit Card,28.0
1671,,Female,West,,Gold,67804.0,51.0,0.0,0.73,Credit Card,
1378,,,,Flipkart,Platinum,,48.0,,0.72,Digital Wallet,65.0
1527,49.0,Male,South,Amazon,Gold,37800.09,20.0,1.0,0.33,Digital Wallet,13.0
1846,63.0,Female,North,Myntra,Platinum,31751.99,8.0,,,,53.0
1138,61.0,Male,South,Croma,Bronze,,6.0,0.0,0.24,Credit Card,30.0
,30.0,Male,East,Reliance Digital,Bronze,1239.63,3.0,2.0,0.13,Buy Now Pay Later,4.0
,57.0,Female,North,,Platinum,27292.18,20.0,2.0,0.57,Credit Card,
1943,31.0,Female,West,Reliance Digital,Bronze,1604.11,9.0,0.0,0.32,,21.0
1750,,Male,North,Snapdeal,Bronze,,14.0,0.0,0.14,,33.0
1949,24.0,Male,North,Croma,Gold,,5.0,,0.65,Credit Card,12.0
1830,46.0,Female,,Myntra,,29211.36,23.0,2.0,0.49,,13.0
,18.0,Female,Central,Myntra,Gold,39327.27,29.0,4.0,0.56,Credit Card,21.0
1200,26.0,Female,South,Flipkart,Bronze,1350.63,13.0,2.0,0.19,Cash,10.0
1214,31.0,Female,South,Nykaa,,,,2.0,0.33,Digital Wallet,12.0
1409,,Male,West,Nykaa,Bronze,2074.58,6.0,0.0,0.7,Cash,6.0
1333,21.0,Male,,AJIO,Platinum,100278.6,50.0,1.0,,Cash,75.0
1209,34.0,,South,Flipkart,Platinum,87605.15,42.0,0.0,0.7,Debit Card,57.0
,32.0,Female,East,Snapdeal,Gold,85682.37,52.0,,0.5,Debit Card,40.0
,42.0,Female,West,Myntra,Platinum,,,,0.51,Buy Now Pay Later,58.0
1030,18.0,Female,South,Nykaa,Platinum,91548.4,,3.0,,Debit Card,
1536,54.0,Female,North,Snapdeal,Silver,3208.42,9.0,0.0,0.53,Credit Card,
,32.0,Male,North,Croma,Bronze,1036.13,9.0,,0.23,Cash,
1558,32.0,Female,North,Nykaa,Platinum,74025.52,63.0,,,Credit Card,37.0
,24.0,Female,South,AJIO,Platinum,6920.11,8.0,0.0,0.65,Credit Card,25.0
1597,67.0,Male,East,Reliance Digital,Silver,870.72,14.0,0.0,,Cash,26.0
,35.0,Female,West,Croma,Bronze,1370.35,10.0,0.0,0.36,Credit Card,10.0
1919,33.0,Male,Central,Amazon,Bronze,,8.0,1.0,0.28,Credit Card,12.0
1496,44.0,Female,,Reliance Digital,Platinum,39266.87,29.0,3.0,0.44,Cash,46.0
,,,South,,Gold,37827.38,22.0,2.0,,,45.0
1066,,Male,North,Nykaa,Platinum,,34.0,3.0,0.56,,20.0
1142,35.0,Male,West,Flipkart,Platinum,,28.0,3.0,0.52,,35.0
1926,33.0,Female,South,Snapdeal,,70301.12,32.0,1.0,0.43,Digital Wallet,27.0
1828,,Male,North,AJIO,Gold,37018.99,26.0,5.0,0.41,Digital Wallet,30.0
1656,24.0,Male,Central,Reliance Digital,Platinum,96393.94,54.0,2.0,0.49,Digital Wallet,43.0
1332,57.0,Male,North,Meesho,Silver,,5.0,1.0,,Credit Card,3.0
,,Female,,Croma,Platinum,,45.0,,0.47,Debit Card,52.0
1250,24.0,,North,Reliance Digital,Gold,8489.0,8.0,,0.58,Debit Card,27.0
1908,32.0,,North,Meesho,Platinum,23709.96,23.0,5.0,0.49,Digital Wallet,57.0
1709,47.0,Female,,Reliance Digital,Platinum,35331.22,21.0,2.0,0.51,Buy Now Pay Later,44.0
1306,46.0,Male,,Amazon,Silver,4243.46,10.0,1.0,0.57,Digital Wallet,43.0
1735,41.0,,South,Snapdeal,,35916.35,25.0,3.0,0.34,Credit Card,
1976,58.0,Female,West,Flipkart,Platinum,38030.67,28.0,3.0,0.46,Credit Card,12.0
1050,,Male,West,Amazon,Gold,,35.0,0.0,0.72,Digital Wallet,40.0
,40.0,Female,South,Nykaa,Platinum,34543.67,31.0,3.0,0.59,,32.0
1003,25.0,Male,North,Reliance Digital,Silver,1311.19,15.0,,,,
1545,,Female,Central,Flipkart,Bronze,1513.91,12.0,0.0,0.11,Cash,
1351,44.0,Female,South,AJIO,Gold,33921.59,19.0,,0.53,Digital Wallet,26.0
1905,,Female,South,Meesho,Platinum,37553.28,22.0,4.0,0.55,Digital Wallet,14.0
1537,39.0,Female,East,Croma,Silver,985.53,8.0,0.0,0.17,,4.0
1345,63.0,Male,,Reliance Digital,Platinum,17685.52,,5.0,0.54,Cash,19.0
1995,46.0,Female,East,Reliance Digital,Gold,31340.43,24.0,0.0,0.42,Cash,55.0
1482,22.0,Female,,Reliance Digital,Bronze,702.33,,1.0,0.16,Credit Card,21.0
,45.0,Male,North,Snapdeal,Silver,5955.4,5.0,1.0,0.72,Digital Wallet,10.0
,43.0,Female,East,,Platinum,9165.19,9.0,0.0,0.54,,7.0
1032,26.0,Male,,,,74364.49,43.0,1.0,,Credit Card,
1232,40.0,Female,Central,,Platinum,49956.92,12.0,4.0,0.52,,36.0
1964,19.0,Male,North,Flipkart,Platinum,42154.46,,3.0,0.4,Debit Card,30.0
1193,58.0,,East,Croma,Gold,,4.0,0.0,0.78,Buy Now Pay Later,8.0
1334,56.0,Female,South,AJIO,Gold,57690.95,50.0,1.0,0.52,Debit Card,38.0
1004,32.0,Female,North,Myntra,Bronze,886.04,12.0,2.0,0.33,,22.0
1205,56.0,Female,South,AJIO,Silver,998.77,,0.0,0.34,Debit Card,35.0
1515,56.0,Male,Central,Meesho,Platinum,69043.16,41.0,3.0,0.43,Debit Card,47.0
1800,40.0,,West,Reliance Digital,Gold,7223.52,,1.0,0.52,Cash,42.0
1307,27.0,Female,East,Meesho,Platinum,34755.37,31.0,,0.48,,45.0
1110,28.0,Female,,AJIO,Platinum,133819.71,38.0,2.0,0.55,Debit Card,47.0
1431,64.0,Male,Central,Croma,Gold,,,3.0,0.65,Debit Card,54.0
,34.0,Female,South,Amazon,,67027.24,56.0,2.0,0.78,Debit Card,49.0
1085,,Male,South,Myntra,Platinum,21423.22,20.0,4.0,0.42,Credit Card,12.0
,57.0,Female,East,,Platinum,38556.95,,2.0,0.48,Debit Card,37.0
1083,37.0,Male,South,Reliance Digital,Platinum,25873.76,24.0,0.0,0.35,Debit Card,20.0
,,Female,North,Croma,Silver,552.88,11.0,0.0,0.13,Credit Card,23.0
,67.0,Male,South,,Silver,4141.72,12.0,0.0,0.67,Debit Card,25.0
,34.0,Female,Central,Reliance Digital,,,9.0,1.0,0.24,Credit Card,20.0
1399,,Female,North,Myntra,Bronze,1205.0,21.0,1.0,0.13,Digital Wallet,
,30.0,Female,South,Croma,Platinum,39043.23,25.0,2.0,0.48,Credit Card,39.0
,29.0,Female,South,Snapdeal,Platinum,75447.11,51.0,0.0,0.59,,82.0
1917,53.0,Female,North,Reliance Digital,Platinum,45336.48,19.0,,0.55,Debit Card,49.0
1923,48.0,Female,,Croma,Platinum,,7.0,1.0,0.72,Credit Card,7.0
1006,51.0,Male,South,,,,40.0,3.0,0.47,Credit Card,77.0
1732,24.0,Male,West,Croma,Silver,653.99,12.0,0.0,0.38,Debit Card,5.0
1466,,Female,West,Croma,Platinum,35513.34,21.0,2.0,,Digital Wallet,51.0
,,Male,South,,Platinum,36916.61,29.0,0.0,0.33,Debit Card,20.0
1267,32.0,Male,South,Meesho,Bronze,1420.92,12.0,,0.16,Debit Card,25.0
1358,36.0,Male,North,Snapdeal,Bronze,1179.89,7.0,2.0,0.13,Credit Card,
1869,36.0,,North,Croma,Platinum,8168.4,8.0,0.0,0.85,Digital Wallet,15.0
1799,43.0,,West,Flipkart,Bronze,714.23,,1.0,0.16,Cash,34.0
1381,48.0,Female,East,,Platinum,75648.03,53.0,0.0,0.54,,
1632,32.0,Female,South,AJIO,Platinum,6511.66,6.0,0.0,0.66,Buy Now Pay Later,11.0
1382,,Female,Central,Meesho,Silver,1074.99,12.0,1.0,,Debit Card,21.0
,45.0,,West,Flipkart,Platinum,42578.9,,,,Credit Card,18.0
1119,31.0,Male,South,,,9079.21,5.0,1.0,,,19.0
1901,50.0,Male,Central,Snapdeal,,40516.63,26.0,,,,
,40.0,Female,East,Croma,Platinum,43771.75,20.0,4.0,0.36,Digital Wallet,25.0
1524,21.0,Female,East,Croma,Silver,1391.18,14.0,0.0,0.15,,22.0
1010,55.0,Male,,,Bronze,,11.0,0.0,0.32,,26.0
1197,39.0,Male,North,Meesho,Silver,1509.65,5.0,,0.26,Credit Card,
1604,28.0,Female,,Croma,Gold,,43.0,0.0,0.58,Buy Now Pay Later,62.0
,47.0,Male,South,Croma,Bronze,1267.46,,1.0,0.37,Credit Card,12.0
1784,19.0,Female,East,Meesho,Platinum,25925.76,23.0,1.0,0.59,Credit Card,
1588,24.0,,East,Amazon,Platinum,103521.28,39.0,0.0,0.77,Debit Card,31.0
1798,34.0,,North,Flipkart,Silver,,,,0.29,,30.0
1240,60.0,Male,North,,Gold,70175.97,33.0,1.0,0.75,Debit Card,55.0
1291,,Female,Central,Reliance Digital,Platinum,89329.81,,2.0,0.74,Credit Card,31.0
1212,20.0,,,Snapdeal,Bronze,680.17,13.0,2.0,0.21,Buy Now Pay Later,24.0
1718,24.0,Female,South,Nykaa,,,,1.0,0.75,,32.0
1360,57.0,Female,East,,Silver,1320.92,13.0,,0.38,Digital Wallet,32.0
1450,,Male,West,Nykaa,Platinum,45386.53,,3.0,0.53,,43.0
,51.0,Female,,Flipkart,Gold,31167.59,13.0,3.0,0.48,Credit Card,24.0
1951,53.0,Male,South,AJIO,Silver,,8.0,1.0,0.23,Digital Wallet,17.0
1947,21.0,Female,East,Croma,Platinum,95722.24,,2.0,0.51,Credit Card,26.0
1797,46.0,Male,,Croma,Platinum,6310.65,9.0,0.0,0.69,Debit Card,41.0
1502,50.0,Male,West,,Platinum,,20.0,4.0,0.44,Debit Card,41.0
1465,18.0,Female,South,,Gold,4378.87,,0.0,0.6,,
,65.0,Female,Central,,Platinum,47061.07,19.0,5.0,,Debit Card,16.0
1469,,Male,North,Flipkart,Gold,38536.63,31.0,0.0,0.4,Credit Card,20.0
1936,46.0,Female,East,Meesho,,27480.26,26.0,5.0,,Digital Wallet,43.0
1429,39.0,,East,Reliance Digital,Gold,32364.49,20.0,1.0,0.46,Cash,47.0
1008,50.0,,North,,Platinum,10428.5,7.0,0.0,0.73,,29.0
,20.0,,East,Reliance Digital,Platinum,25902.87,18.0,,0.46,Credit Card,24.0
1542,30.0,Female,North,AJIO,Bronze,1981.32,,0.0,0.23,Credit Card,30.0
1441,36.0,Male,,Reliance Digital,Gold,87182.82,43.0,0.0,0.61,Debit Card,65.0
1483,58.0,Female,,AJIO,Platinum,38718.42,,0.0,0.4,Digital Wallet,26.0
1423,30.0,Female,South,Snapdeal,Platinum,70330.3,47.0,1.0,0.78,Credit Card,69.0
1779,,Female,,Myntra,Bronze,,9.0,1.0,0.36,Credit Card,14.0
1950,27.0,Male,West,Flipkart,Bronze,1357.17,11.0,2.0,0.13,Digital Wallet,29.0
1335,36.0,Female,East,Snapdeal,Platinum,96636.51,58.0,0.0,,Credit Card,
1577,49.0,Male,West,,,,44.0,1.0,,Credit Card,82.0
1935,41.0,Female,North,Myntra,Platinum,,38.0,1.0,0.51,Buy Now Pay Later,66.0
,58.0,Female,,,Platinum,32759.16,33.0,,0.36,Credit Card,23.0
1595,63.0,Male,South,AJIO,Platinum,,6.0,,,,9.0
1531,21.0,,,,Bronze,1415.79,10.0,2.0,,Cash,
1582,21.0,Female,East,Meesho,Silver,3911.72,9.0,,0.58,Digital Wallet,11.0
,62.0,Female,East,Reliance Digital,,1638.43,11.0,,0.18,Buy Now Pay Later,28.0
1449,19.0,Female,West,Amazon,Platinum,32899.68,,2.0,0.4,Debit Card,39.0
1454,,Female,West,Myntra,Platinum,,8.0,0.0,,Cash,29.0
1229,54.0,Male,East,Meesho,Gold,5972.32,5.0,1.0,0.54,Credit Card,9.0
1353,43.0,Female,North,Snapdeal,Bronze,1361.32,11.0,2.0,0.18,Digital Wallet,19.0
1729,,Female,South,Croma,Platinum,36684.81,21.0,0.0,0.53,Digital Wallet,13.0
1213,22.0,Female,West,Meesho,Silver,1675.96,14.0,0.0,,,8.0
1080,55.0,Female,East,,Gold,101145.58,52.0,1.0,0.44,Credit Card,59.0
1149,,Female,East,Myntra,Platinum,73552.77,49.0,1.0,0.55,Digital Wallet,70.0
1303,,Female,North,Amazon,Gold,28588.33,,1.0,0.34,,59.0
1629,55.0,Female,South,Nykaa,Gold,74195.98,35.0,,0.73,Buy Now Pay Later,38.0
1778,,,South,Croma,,1053.07,8.0,1.0,0.15,,32.0
1507,50.0,Female,,AJIO,Platinum,6298.84,,,0.67,,6.0
1343,30.0,Male,North,,Platinum,85349.94,44.0,,0.8,Credit Card,
1486,64.0,,West,Flipkart,Gold,11841.51,5.0,0.0,0.84,,18.0
1712,27.0,,East,Myntra,Silver,912.44,10.0,1.0,0.37,Debit Card,31.0
1134,26.0,Female,North,Croma,Platinum,41807.18,23.0,3.0,0.5,Credit Card,59.0
1704,,Male,West,Reliance Digital,Platinum,94211.94,,0.0,,Debit Card,42.0
1312,53.0,Female,South,Nykaa,Gold,90784.9,34.0,0.0,0.52,Credit Card,36.0
1723,,,West,Flipkart,Platinum,,55.0,,0.71,Debit Card,32.0
1630,26.0,Female,East,Myntra,Platinum,23127.55,22.0,,0.59,Debit Card,33.0
1001,,Male,East,Reliance Digital,Gold,33327.81,18.0,1.0,0.36,Credit Card,53.0
1317,60.0,Male,West,Reliance Digital,Gold,29793.34,24.0,0.0,0.56,Credit Card,
1707,61.0,,North,Meesho,Platinum,34673.26,,3.0,0.41,Credit Card,43.0
1548,33.0,Male,South,,,1012.98,9.0,,0.13,,
1873,30.0,,East,Croma,,1567.0,20.0,1.0,0.19,Credit Card,17.0
1533,64.0,Female,East,Amazon,Gold,,15.0,1.0,0.58,Buy Now Pay Later,32.0
1478,,,North,Flipkart,Silver,888.06,14.0,2.0,,Debit Card,25.0
1405,29.0,,North,Nykaa,Gold,24619.92,19.0,4.0,0.59,Credit Card,34.0
1173,24.0,Female,East,Croma,Gold,,21.0,1.0,0.6,Credit Card,
,60.0,Female,West,Croma,Platinum,,16.0,5.0,0.32,Credit Card,19.0
1395,49.0,Male,North,Meesho,Platinum,32710.65,11.0,3.0,0.4,,13.0
1421,65.0,Male,West,Meesho,Bronze,297.5,5.0,0.0,,Credit Card,25.0
1553,58.0,Male,South,Croma,Bronze,1224.03,11.0,0.0,0.37,Cash,8.0
1904,40.0,Male,East,,Silver,1459.71,8.0,1.0,0.36,Credit Card,
1091,48.0,,North,Flipkart,,78936.74,49.0,0.0,0.78,Credit Card,24.0
1940,60.0,,Central,Myntra,Bronze,1514.56,7.0,1.0,0.19,Credit Card,17.0
,,Male,,Flipkart,Gold,58321.19,50.0,0.0,0.42,,
1275,60.0,Female,,,Gold,36916.71,26.0,2.0,,Credit Card,47.0
1896,,,North,Croma,Gold,24486.63,28.0,0.0,0.38,Credit Card,33.0
,36.0,Female,South,Amazon,,4377.02,9.0,1.0,0.81,,9.0
,52.0,Male,South,Croma,Platinum,79689.08,,2.0,0.56,Cash,76.0
1132,,Female,,Reliance Digital,Platinum,28132.4,30.0,0.0,0.41,Digital Wallet,22.0
1301,,Female,South,Amazon,Platinum,87609.42,39.0,0.0,0.78,Credit Card,55.0
1425,,Male,West,Croma,Platinum,70433.53,30.0,1.0,,Credit Card,48.0
,54.0,Male,West,Reliance Digital,Bronze,1207.66,10.0,1.0,0.38,Credit Card,14.0
1145,29.0,Female,West,Reliance Digital,,26341.06,28.0,1.0,,Credit Card,49.0
1424,60.0,,West,AJIO,Platinum,20648.86,15.0,4.0,0.43,Credit Card,58.0
,35.0,Female,North,Amazon,Gold,31830.83,19.0,3.0,,Digital Wallet,53.0
1136,44.0,Male,Central,Croma,Platinum,28260.8,26.0,4.0,0.56,Debit Card,32.0
1451,25.0,Male,South,Snapdeal,Bronze,1220.93,11.0,2.0,0.22,Buy Now Pay Later,26.0
1165,64.0,Female,North,Amazon,Platinum,77415.15,43.0,1.0,0.41,Credit Card,41.0
1029,29.0,Female,North,,Silver,,8.0,0.0,0.14,Digital Wallet,12.0
1774,48.0,Male,East,Snapdeal,Gold,47836.06,17.0,5.0,0.37,Digital Wallet,18.0
1194,20.0,Female,North,Flipkart,,916.25,17.0,0.0,0.21,Credit Card,3.0
1389,41.0,Female,South,Flipkart,,532.28,10.0,0.0,0.25,Buy Now Pay Later,19.0
1853,44.0,Female,East,Amazon,Gold,22783.67,20.0,5.0,0.34,Digital Wallet,49.0
1170,64.0,Female,South,AJIO,Bronze,1387.83,12.0,1.0,0.23,,29.0
,66.0,Male,,Myntra,Gold,9309.51,6.0,0.0,0.79,Digital Wallet,24.0
1141,33.0,,,Myntra,Platinum,6784.93,9.0,0.0,0.82,Credit Card,
1174,31.0,Female,Central,Snapdeal,Gold,19239.17,29.0,0.0,0.37,,
1007,,Male,East,Myntra,Platinum,79090.28,44.0,3.0,0.56,Credit Card,68.0
1746,43.0,Male,South,Meesho,Gold,3605.04,,1.0,,,22.0
1479,50.0,,Central,Myntra,,5594.63,5.0,0.0,0.85,Digital Wallet,31.0
1074,,Female,,Meesho,Silver,1232.98,4.0,2.0,0.35,Cash,10.0
1911,,,Central,Nykaa,,1318.22,11.0,0.0,0.23,Digital Wallet,25.0
1814,52.0,Female,,Reliance Digital,Gold,7526.68,3.0,1.0,0.67,Cash,12.0
1239,39.0,,North,Croma,Silver,1239.39,,1.0,0.15,Cash,20.0
1146,23.0,Male,East,Myntra,Platinum,72113.68,57.0,1.0,0.51,Credit Card,35.0
1793,47.0,Male,Central,Snapdeal,Platinum,46724.61,21.0,3.0,0.37,Digital Wallet,41.0
1235,26.0,Female,East,Myntra,Platinum,100973.15,,2.0,0.48,,58.0
1221,40.0,Female,North,Meesho,Bronze,1305.54,3.0,0.0,0.13,Debit Card,22.0
1924,23.0,Female,West,Flipkart,Bronze,1067.91,9.0,1.0,0.29,Credit Card,18.0
,,Male,North,Snapdeal,Bronze,,9.0,,0.22,Cash,33.0
1133,26.0,Male,South,,Platinum,101044.12,49.0,3.0,0.76,,27.0
1991,39.0,,,,,1838.11,8.0,1.0,0.33,Digital Wallet,35.0
1775,58.0,Female,North,Snapdeal,Bronze,1546.1,13.0,0.0,0.15,,20.0
1186,54.0,Female,Central,Reliance Digital,Bronze,1541.49,10.0,2.0,,Digital Wallet,27.0
1042,51.0,Male,North,Nykaa,Platinum,37720.94,,0.0,0.43,Digital Wallet,27.0
1697,33.0,Male,West,Nykaa,Platinum,,,0.0,0.31,Digital Wallet,
1109,29.0,Male,East,Myntra,Platinum,27725.08,24.0,5.0,0.48,,43.0
1589,,Female,,Reliance Digital,,72054.48,,2.0,0.48,Credit Card,77.0
1057,50.0,Female,East,Snapdeal,Platinum,,39.0,2.0,0.57,Digital Wallet,37.0
,,Female,South,Croma,Platinum,6246.21,10.0,0.0,0.65,Digital Wallet,30.0
1443,24.0,Male,North,Meesho,Gold,30862.54,20.0,2.0,,Debit Card,26.0
1758,30.0,Female,South,,,37571.01,21.0,,0.42,Debit Card,
1998,,Female,,Snapdeal,Platinum,85398.4,47.0,2.0,0.69,Cash,42.0
,40.0,Male,East,Reliance Digital,Gold,,,1.0,0.59,Debit Card,48.0
1468,21.0,Female,South,Reliance Digital,,6458.15,,,0.74,Credit Card,30.0
1540,58.0,Female,South,Amazon,,68539.48,36.0,0.0,0.54,Credit Card,72.0
1532,55.0,,West,Myntra,Gold,,3.0,0.0,0.76,Digital Wallet,47.0
1619,65.0,,East,Snapdeal,Bronze,,1.0,2.0,0.2,,29.0
,23.0,Female,North,Nykaa,Platinum,76053.83,45.0,0.0,0.73,Digital Wallet,
1927,21.0,Male,Central,,Gold,33602.65,,3.0,0.43,Debit Card,43.0
1339,36.0,Male,South,,Platinum,29147.66,,4.0,0.37,Debit Card,49.0
1052,36.0,,East,Nykaa,Bronze,830.75,,0.0,0.35,Debit Card,22.0
1508,,Female,Central,,Bronze,774.06,6.0,2.0,0.32,Digital Wallet,29.0
1517,59.0,Female,Central,AJIO,Platinum,18395.3,23.0,0.0,0.59,Credit Card,45.0
,65.0,Female,,Reliance Digital,Gold,8060.6,10.0,,0.55,Credit Card,19.0
1782,67.0,Female,North,Myntra,Platinum,36921.65,31.0,0.0,0.51,Credit Card,38.0
1265,33.0,Female,North,Amazon,Gold,9261.34,15.0,1.0,0.8,Cash,8.0
1818,23.0,Male,,Meesho,Platinum,40253.55,32.0,5.0,0.52,Digital Wallet,51.0
1711,63.0,Female,Central,Croma,Bronze,1482.56,8.0,1.0,,Debit Card,26.0
,,Female,East,Flipkart,Gold,82331.23,,,,Cash,24.0
1833,51.0,Male,Central,Nykaa,Gold,83620.65,,0.0,,Debit Card,41.0
1519,47.0,Female,Central,AJIO,Platinum,,11.0,,0.88,Cash,42.0
1448,,Female,South,Meesho,Bronze,1220.9,5.0,2.0,0.31,Cash,25.0
1019,25.0,Female,South,AJIO,Gold,34779.88,34.0,,0.3,Buy Now Pay Later,12.0
1716,,Female,Central,Flipkart,Silver,5410.42,5.0,1.0,0.84,Debit Card,47.0
1484,59.0,Female,South,Myntra,Bronze,1064.35,11.0,1.0,0.2,Digital Wallet,9.0
,60.0,Male,East,Myntra,Silver,5166.88,11.0,,0.69,Credit Card,47.0
1434,39.0,Male,West,,Gold,91539.63,,1.0,0.77,Credit Card,54.0
1368,65.0,Male,,Myntra,,8781.05,7.0,,0.78,Debit Card,47.0
1084,20.0,Male,,Meesho,Platinum,75813.44,50.0,,,Digital Wallet,25.0
1062,25.0,Female,North,Croma,Gold,33212.27,21.0,3.0,0.39,Cash,44.0
1639,,Female,South,Flipkart,Platinum,44122.51,,0.0,0.42,,21.0
,63.0,Female,North,Myntra,Silver,3966.63,7.0,0.0,0.84,Cash,16.0
1286,40.0,,Central,AJIO,Gold,70296.08,72.0,0.0,0.46,,
1361,49.0,Female,,,,37034.07,,1.0,0.55,Buy Now Pay Later,17.0
1355,62.0,,East,Myntra,Gold,82517.08,42.0,3.0,,,27.0
1457,24.0,,North,Amazon,Gold,104192.78,30.0,1.0,0.61,Credit Card,
1279,27.0,Female,West,Reliance Digital,Bronze,611.68,10.0,1.0,0.29,Credit Card,23.0
1013,18.0,Female,West,Croma,Bronze,,12.0,1.0,0.29,Debit Card,19.0
1183,33.0,Female,Central,Amazon,Platinum,9338.46,15.0,0.0,0.79,Digital Wallet,11.0
1369,28.0,Female,East,Meesho,Gold,100730.61,,1.0,0.49,,57.0
1882,45.0,Male,,Reliance Digital,Bronze,1258.8,12.0,2.0,0.34,Digital Wallet,24.0
1616,35.0,,South,Nykaa,,9976.67,14.0,1.0,0.57,Cash,41.0
1224,42.0,,North,Croma,Gold,37642.33,9.0,5.0,0.39,Digital Wallet,38.0
1573,59.0,Female,South,Meesho,,,22.0,1.0,,Debit Card,22.0
1971,35.0,Female,East,AJIO,Bronze,666.32,10.0,1.0,0.34,Digital Wallet,23.0
1654,32.0,Male,East,,Bronze,1014.82,4.0,,0.13,Debit Card,4.0
1546,,Male,South,Croma,Gold,30565.3,35.0,3.0,0.49,,40.0
1583,26.0,Female,West,Croma,Platinum,22031.04,22.0,4.0,0.34,Credit Card,
1634,52.0,Female,West,Snapdeal,Platinum,23531.79,11.0,5.0,0.41,Credit Card,48.0
1177,42.0,Male,West,Nykaa,Bronze,,5.0,,0.37,Digital Wallet,9.0
1666,46.0,Male,South,Nykaa,Gold,93614.81,,3.0,,Debit Card,64.0
1674,34.0,Female,South,Reliance Digital,Gold,31193.16,,5.0,0.36,Debit Card,56.0
1586,,Female,South,Nykaa,Gold,33561.47,,1.0,0.53,Credit Card,57.0
1874,45.0,Female,North,,,44996.25,26.0,1.0,0.3,Cash,49.0
1394,,,South,Reliance Digital,,,6.0,1.0,0.11,Debit Card,22.0
,50.0,Male,North,Reliance Digital,Gold,35383.69,,4.0,0.43,Digital Wallet,22.0
1249,58.0,Female,,Flipkart,Platinum,8928.35,10.0,,0.79,Buy Now Pay Later,21.0
1635,,Female,East,Nykaa,Gold,,48.0,1.0,0.74,Cash,
1886,21.0,,West,Amazon,Platinum,65039.42,30.0,1.0,0.74,Digital Wallet,29.0
1670,29.0,Female,South,Myntra,Platinum,26228.79,30.0,4.0,0.49,Buy Now Pay Later,20.0
1376,,Male,,Meesho,,34114.68,18.0,,0.39,Debit Card,40.0
1413,63.0,Male,South,Croma,,8249.39,10.0,1.0,0.7,,33.0
1075,59.0,,East,Flipkart,Silver,,,,0.19,Credit Card,11.0
1114,,Male,North,,,1437.42,1.0,2.0,0.11,Credit Card,33.0
1599,39.0,Male,South,AJIO,,90825.64,,0.0,0.43,Buy Now Pay Later,45.0
,21.0,Male,East,,Bronze,1312.02,11.0,0.0,0.38,Credit Card,10.0
,61.0,Male,Central,Myntra,Silver,5723.9,7.0,0.0,0.55,Credit Card,16.0
1105,49.0,Female,South,Snapdeal,Platinum,9921.38,11.0,0.0,0.66,Credit Card,42.0
1115,39.0,Female,West,Meesho,,1231.6,14.0,1.0,0.2,Cash,23.0
,35.0,Male,East,Amazon,Gold,41690.63,25.0,2.0,0.34,Debit Card,
1526,65.0,Male,North,Snapdeal,Platinum,33926.75,26.0,3.0,0.35,Credit Card,26.0
1458,63.0,Male,North,,Platinum,21159.73,35.0,0.0,0.42,Digital Wallet,
,55.0,Female,North,AJIO,Gold,67699.74,,0.0,,Debit Card,74.0
1093,62.0,Male,South,Nykaa,Bronze,,15.0,1.0,0.35,,7.0
1931,46.0,Male,,Croma,Gold,82793.52,,1.0,,Credit Card,64.0
1090,34.0,Male,North,Reliance Digital,Gold,32820.58,23.0,1.0,,Debit Card,44.0
,21.0,Female,,Flipkart,Gold,9792.82,8.0,1.0,0.72,Buy Now Pay Later,45.0
1989,22.0,Female,East,Snapdeal,Platinum,25090.83,29.0,4.0,0.43,Credit Card,
,50.0,Female,North,,Gold,,30.0,2.0,0.45,Credit Card,46.0
1934,28.0,Female,South,Flipkart,Platinum,47013.63,23.0,5.0,0.53,Debit Card,37.0
1606,34.0,Female,South,Croma,Gold,31169.93,26.0,3.0,0.48,Credit Card,42.0
1594,32.0,Female,West,Nykaa,Platinum,35956.79,20.0,5.0,0.35,Cash,53.0
1612,52.0,Male,South,Flipkart,Bronze,781.46,1.0,2.0,0.21,,27.0
1095,44.0,Male,West,Meesho,Silver,1211.18,11.0,1.0,0.11,Credit Card,6.0
1012,43.0,Male,East,Flipkart,Silver,4566.36,2.0,0.0,0.59,,23.0
1397,58.0,Male,West,Flipkart,Gold,7378.81,11.0,1.0,,Digital Wallet,41.0
,18.0,,South,Nykaa,,990.14,11.0,0.0,0.2,Debit Card,9.0
,67.0,Male,West,Reliance Digital,Gold,3621.98,7.0,,,Debit Card,32.0
1043,50.0,Male,North,,Gold,90512.83,43.0,3.0,0.8,Debit Card,57.0
,40.0,Male,South,Nykaa,,39528.69,28.0,0.0,0.3,Debit Card,27.0
1168,,Female,Central,,Gold,89590.22,56.0,1.0,0.71,Buy Now Pay Later,
1498,43.0,Female,East,Meesho,,86090.87,49.0,2.0,0.51,Digital Wallet,59.0
1877,25.0,Female,East,Flipkart,Bronze,547.19,6.0,2.0,0.19,Credit Card,18.0
1598,,Male,East,Nykaa,Gold,111788.07,50.0,3.0,,Cash,50.0
1757,,Male,East,Myntra,Bronze,1474.24,9.0,2.0,0.34,Debit Card,25.0
1101,41.0,Male,North,Flipkart,Gold,81712.66,57.0,1.0,0.5,Debit Card,65.0
1427,67.0,Female,South,Myntra,Platinum,38861.55,18.0,0.0,0.49,,15.0
1179,55.0,Male,,,Gold,4279.97,4.0,1.0,0.58,Digital Wallet,44.0
1445,52.0,Female,South,Flipkart,Bronze,1250.61,7.0,2.0,0.36,Debit Card,15.0
,23.0,Male,South,,Platinum,20949.11,,5.0,,Credit Card,17.0
1871,49.0,Female,West,Reliance Digital,,31634.31,21.0,0.0,0.39,Buy Now Pay Later,45.0
1883,56.0,,East,AJIO,Gold,96293.84,54.0,,0.42,Cash,73.0
1681,57.0,Female,West,Flipkart,Bronze,669.93,12.0,1.0,0.31,,
1178,49.0,Male,Central,Flipkart,Gold,40295.96,27.0,1.0,0.36,Credit Card,31.0
1396,67.0,Male,East,Nykaa,Gold,6157.86,7.0,1.0,0.51,Debit Card,39.0
1912,,,West,Snapdeal,Platinum,33183.15,23.0,3.0,0.47,Debit Card,25.0
1794,35.0,Male,Central,Myntra,Bronze,,15.0,,0.18,Debit Card,25.0
1961,39.0,Female,East,Nykaa,Gold,,49.0,2.0,0.75,Credit Card,
1685,,Male,Central,,Platinum,,14.0,1.0,0.77,Cash,26.0
1384,43.0,,South,Nykaa,Silver,3606.42,10.0,0.0,0.9,Digital Wallet,39.0
1957,60.0,Female,South,Reliance Digital,,38603.97,22.0,2.0,0.47,Credit Card,21.0
1752,60.0,Male,Central,AJIO,Gold,,8.0,1.0,0.72,Debit Card,37.0
1258,23.0,,North,Snapdeal,Bronze,535.81,17.0,1.0,,Credit Card,34.0
1539,31.0,Male,East,Amazon,Platinum,21148.55,21.0,4.0,,Debit Card,21.0
1336,64.0,Female,East,,Platinum,80840.26,53.0,2.0,0.66,,70.0
1016,43.0,Female,West,Amazon,Gold,77083.35,54.0,2.0,,Credit Card,40.0
1325,50.0,Female,South,Flipkart,Gold,4782.23,5.0,0.0,0.74,Buy Now Pay Later,
1759,32.0,Female,Central,Flipkart,Platinum,6220.54,9.0,0.0,0.52,Cash,17.0
1223,27.0,Male,West,Snapdeal,Platinum,96522.69,,3.0,0.77,,42.0
1180,39.0,Male,South,Flipkart,Platinum,45936.79,,2.0,,Digital Wallet,47.0
1984,,Female,North,Myntra,Gold,91087.05,68.0,,0.53,,26.0
1023,,Female,South,Croma,Platinum,15606.08,29.0,,0.57,Credit Card,18.0
1357,67.0,Male,,Croma,Platinum,111324.0,48.0,2.0,0.49,Debit Card,32.0
1667,55.0,Male,South,,Gold,35765.89,,,0.4,Credit Card,25.0
,54.0,,,Reliance Digital,Platinum,31148.31,15.0,0.0,,Digital Wallet,57.0
1341,48.0,Female,West,Snapdeal,Platinum,38478.65,,,0.52,Debit Card,24.0
1432,40.0,Male,North,AJIO,Bronze,1680.99,11.0,1.0,0.24,Digital Wallet,32.0
1552,53.0,Female,West,,Gold,,5.0,0.0,0.79,Credit Card,8.0
1834,54.0,Male,West,Flipkart,Platinum,94431.53,45.0,,0.64,Cash,40.0
,46.0,Male,South,Amazon,Gold,4592.69,10.0,0.0,0.77,Cash,46.0
1631,,,West,Amazon,Bronze,1188.28,6.0,2.0,0.18,Digital Wallet,19.0
1094,50.0,,North,,Bronze,1189.44,11.0,,0.14,Debit Card,6.0
1559,57.0,,South,AJIO,Bronze,1725.72,,0.0,0.34,,
1069,19.0,Female,South,Amazon,Platinum,109184.17,58.0,0.0,0.68,Cash,43.0
1623,44.0,Male,West,Flipkart,Platinum,34266.35,,2.0,0.52,Cash,20.0
1285,18.0,Female,,Amazon,Bronze,1821.66,13.0,1.0,0.31,Credit Card,14.0
1845,,Male,East,Flipkart,Platinum,72335.07,53.0,1.0,0.48,Debit Card,38.0
1435,18.0,Female,South,Myntra,Gold,,44.0,,0.54,Cash,
1154,36.0,Female,South,Snapdeal,Gold,36212.95,24.0,3.0,0.46,Cash,
1076,46.0,Male,South,Myntra,,1072.38,,2.0,,Credit Card,15.0
,,,North,Flipkart,Platinum,73715.8,49.0,3.0,0.71,Debit Card,
1447,30.0,Female,East,Myntra,Silver,3687.37,14.0,1.0,0.57,Credit Card,30.0
1189,,Female,Central,Snapdeal,Platinum,39547.84,24.0,5.0,0.38,,21.0
1272,64.0,Female,North,,Silver,1347.44,11.0,2.0,0.27,,29.0
1237,49.0,Male,West,AJIO,,51452.35,17.0,4.0,0.42,Cash,40.0
,22.0,Male,South,Nykaa,Gold,35057.43,11.0,,0.45,Debit Card,35.0
1118,37.0,Male,Central,Flipkart,Gold,102833.7,53.0,2.0,0.65,Cash,59.0
1944,42.0,,West,,Bronze,963.13,18.0,0.0,0.39,Credit Card,
1513,34.0,,East,Myntra,Platinum,6496.55,3.0,0.0,0.71,Buy Now Pay Later,34.0
1826,20.0,,West,Snapdeal,Gold,8696.77,,0.0,0.71,Debit Card,44.0
,34.0,,West,Meesho,Bronze,1823.52,3.0,1.0,0.38,,17.0
1127,33.0,,East,,Silver,190.61,17.0,2.0,0.27,,26.0
1117,36.0,Male,South,Snapdeal,Silver,1683.71,4.0,0.0,0.1,,17.0
,45.0,Female,Central,Meesho,Platinum,7324.23,2.0,0.0,0.77,,
1694,46.0,Female,Central,Croma,Platinum,48846.81,18.0,3.0,0.53,Cash,48.0
1058,49.0,Female,North,Nykaa,Platinum,78915.63,47.0,,,Digital Wallet,61.0
1864,48.0,Female,West,Croma,Gold,23400.2,22.0,,0.3,Credit Card,
1913,40.0,,,Snapdeal,Silver,1927.39,8.0,2.0,0.3,,3.0
1370,34.0,Female,North,Meesho,,,40.0,3.0,,Digital Wallet,25.0
1269,30.0,Male,East,AJIO,,37797.2,14.0,1.0,0.54,Cash,
1047,30.0,Male,South,AJIO,Gold,,20.0,5.0,0.55,Debit Card,45.0
1350,40.0,Male,East,Flipkart,Bronze,741.07,8.0,0.0,,,20.0
1196,50.0,Male,West,,Platinum,37048.44,22.0,5.0,0.55,Debit Card,44.0
2000,59.0,Female,,Meesho,Platinum,27848.46,27.0,4.0,0.32,Credit Card,29.0
1835,37.0,Male,West,Myntra,Gold,25809.19,25.0,5.0,0.51,Debit Card,47.0
1737,21.0,Female,South,Nykaa,,43860.52,19.0,0.0,0.42,Cash,29.0
,27.0,Male,South,,Platinum,44247.08,21.0,5.0,0.54,Credit Card,29.0
1444,63.0,,North,Flipkart,Platinum,32248.94,27.0,3.0,0.3,Digital Wallet,
1676,20.0,Male,West,Snapdeal,Gold,5078.34,6.0,,0.7,Credit Card,40.0
1305,18.0,Female,North,Croma,Bronze,1891.65,10.0,1.0,,Debit Card,
1342,26.0,Male,North,,Gold,34472.2,26.0,,0.32,Credit Card,
1967,36.0,Female,East,Reliance Digital,Bronze,1801.33,8.0,2.0,0.1,Cash,
1150,35.0,,West,Myntra,Gold,42846.83,,3.0,0.49,Credit Card,18.0
1125,45.0,Male,West,Reliance Digital,Gold,46849.91,21.0,0.0,0.52,Debit Card,42.0
1787,33.0,Female,East,Meesho,Silver,371.08,6.0,2.0,0.34,Credit Card,34.0
,38.0,,South,Flipkart,Gold,6075.9,8.0,0.0,0.77,Cash,25.0
1354,,Female,West,,,,45.0,,,Credit Card,29.0
1928,39.0,Female,West,Meesho,Gold,40366.47,39.0,1.0,0.33,Debit Card,33.0
1143,50.0,Female,West,,Platinum,32252.71,35.0,3.0,0.33,Cash,
1471,44.0,Male,South,AJIO,Platinum,,62.0,0.0,0.43,,55.0
1400,61.0,Female,,Myntra,Silver,,12.0,0.0,,Credit Card,
1626,52.0,Male,West,,Platinum,32143.14,22.0,0.0,0.41,,26.0
1321,53.0,,West,AJIO,Platinum,,20.0,0.0,0.36,Debit Card,
1020,,Female,East,Nykaa,Platinum,37838.23,17.0,,0.5,Credit Card,42.0
,21.0,Male,East,Amazon,Gold,71545.42,54.0,3.0,,Credit Card,80.0
1791,37.0,Male,East,Nykaa,Gold,71838.18,,0.0,,,48.0
,31.0,Female,East,Nykaa,Platinum,29244.67,32.0,,0.48,Credit Card,36.0
1408,58.0,,South,,Platinum,,28.0,3.0,0.8,Credit Card,49.0
1538,34.0,Male,,Amazon,,36386.44,,1.0,0.52,Debit Card,41.0
,66.0,Male,North,Amazon,Platinum,87464.42,,3.0,0.79,Credit Card,41.0
1039,67.0,Male,North,Myntra,Bronze,708.48,10.0,2.0,0.21,,
1176,65.0,Male,East,Myntra,Platinum,114646.61,35.0,3.0,0.7,Digital Wallet,
1246,21.0,Female,Central,Amazon,Gold,5915.6,13.0,0.0,0.56,Credit Card,
1829,27.0,Male,South,,Silver,,10.0,,0.1,Debit Card,26.0
1668,50.0,Female,East,Amazon,,84064.68,51.0,2.0,0.74,Digital Wallet,
1755,26.0,,,,,107779.36,53.0,3.0,0.64,Credit Card,
,,Female,South,Flipkart,Silver,611.8,4.0,1.0,,,
,25.0,Female,West,Snapdeal,,8940.64,8.0,0.0,0.79,Credit Card,22.0
1288,20.0,Male,East,Reliance Digital,Platinum,48025.2,,1.0,0.33,Digital Wallet,40.0
1603,43.0,,,Croma,Platinum,61857.95,46.0,0.0,0.53,Credit Card,
,60.0,Female,North,AJIO,Platinum,,12.0,4.0,0.52,Credit Card,34.0
1744,43.0,Female,North,AJIO,Gold,,25.0,1.0,0.35,Credit Card,27.0
1018,50.0,,South,Myntra,Platinum,40550.85,,5.0,0.49,Credit Card,47.0
1128,50.0,Female,Central,,Gold,6784.83,6.0,1.0,,Digital Wallet,23.0
1323,37.0,Female,South,Nykaa,Bronze,1239.23,15.0,0.0,0.2,Debit Card,
1256,47.0,Female,,Meesho,Bronze,,7.0,1.0,0.2,Credit Card,13.0
1658,66.0,Female,South,Amazon,Gold,41213.17,23.0,1.0,0.39,,21.0
1965,56.0,Male,East,Myntra,Gold,27778.49,26.0,,0.41,Digital Wallet,57.0
1191,22.0,Male,,Snapdeal,Platinum,72288.55,52.0,,0.58,Credit Card,40.0
1116,51.0,Male,West,Amazon,,7906.25,9.0,1.0,0.51,Debit Card,
,64.0,Male,,Croma,Gold,77236.21,45.0,1.0,,Credit Card,28.0
,41.0,Female,West,Reliance Digital,Platinum,,21.0,4.0,0.53,Cash,
1181,33.0,Male,East,Nykaa,Platinum,29776.34,31.0,2.0,0.45,,15.0
1302,,Male,West,Flipkart,Platinum,14652.01,35.0,3.0,0.44,,
1760,22.0,Male,West,,Silver,2008.14,,0.0,,Digital Wallet,27.0
,36.0,Male,West,Meesho,Gold,26391.95,5.0,2.0,0.49,Buy Now Pay Later,23.0
1724,55.0,Female,Central,Meesho,Bronze,1225.54,5.0,0.0,0.3,Debit Card,30.0
,22.0,Male,Central,,Bronze,1095.69,5.0,2.0,,,33.0
1980,,,North,,Bronze,,6.0,1.0,0.35,Cash,24.0
1518,52.0,,Central,Meesho,Bronze,1650.28,5.0,1.0,0.37,Debit Card,17.0
1985,26.0,,Central,Amazon,Silver,1145.28,,0.0,0.35,Debit Card,14.0
1046,,,Central,Meesho,,1267.38,15.0,0.0,0.24,Credit Card,
,,Female,Central,Snapdeal,Platinum,38100.79,19.0,3.0,0.52,Credit Card,
1158,22.0,Female,East,,Bronze,1094.81,2.0,0.0,0.31,Credit Card,33.0
,27.0,Female,Central,Snapdeal,Bronze,660.42,,0.0,0.15,Cash,20.0
,58.0,Female,West,,,64838.28,,1.0,0.77,Credit Card,76.0
1017,,Female,,,Gold,31271.71,14.0,4.0,0.44,Digital Wallet,16.0
1512,35.0,Female,,Croma,Gold,37218.87,23.0,1.0,0.47,Debit Card,
1049,24.0,Male,Central,,Platinum,41856.74,22.0,1.0,0.52,Digital Wallet,58.0
1972,40.0,Female,South,AJIO,Platinum,7357.49,8.0,1.0,0.78,,41.0
1941,,Female,North,Flipkart,,30139.45,33.0,4.0,0.51,Debit Card,39.0
,24.0,Female,South,Flipkart,,74837.24,47.0,2.0,,Credit Card,83.0
1953,43.0,Female,East,Meesho,Platinum,,32.0,0.0,0.71,Credit Card,56.0
1481,,Female,South,Nykaa,Bronze,1755.67,13.0,1.0,0.14,Cash,5.0
1284,30.0,Male,Central,,,86396.2,43.0,0.0,0.78,,40.0
1719,43.0,Male,North,Amazon,Platinum,81530.49,43.0,3.0,0.8,Credit Card,68.0
1878,21.0,Female,,Reliance Digital,Silver,948.61,8.0,1.0,0.13,,15.0
1226,33.0,Female,West,Nykaa,Platinum,31636.84,32.0,,,Credit Card,
1027,48.0,Female,East,Nykaa,,72653.23,46.0,2.0,0.62,Credit Card,45.0
,31.0,Male,,Snapdeal,Platinum,47927.95,28.0,5.0,0.32,Cash,48.0
,22.0,Female,South,Amazon,Silver,1094.14,4.0,0.0,0.25,Debit Card,20.0
1952,19.0,Male,South,Meesho,Silver,1451.67,8.0,0.0,0.36,Digital Wallet,26.0
1365,19.0,Female,Central,,Platinum,6146.87,,1.0,,,28.0
1230,39.0,Male,South,,,1494.92,9.0,0.0,,Credit Card,
1038,41.0,,Central,Snapdeal,Platinum,96480.85,,,0.46,Credit Card,63.0
1966,26.0,Female,South,Myntra,Platinum,30850.67,29.0,0.0,0.31,Credit Card,15.0
1375,28.0,Male,North,Croma,Gold,74500.12,39.0,0.0,0.44,,59.0
1470,20.0,Male,Central,Nykaa,Gold,4336.09,6.0,1.0,0.67,Cash,23.0
1968,33.0,Male,West,Reliance Digital,Gold,,25.0,0.0,0.37,Debit Card,35.0
1851,,Female,East,Amazon,,98160.26,46.0,,0.67,Digital Wallet,33.0
1705,34.0,Male,West,,Gold,85837.96,,,0.48,Debit Card,42.0
,59.0,Female,West,Myntra,Bronze,1151.55,13.0,0.0,0.38,Credit Card,23.0
1195,52.0,Male,,Myntra,Gold,40564.3,29.0,,0.31,Debit Card,29.0
1855,24.0,Male,West,Meesho,Platinum,31330.34,22.0,5.0,0.42,Credit Card,23.0
1865,52.0,Female,,Meesho,Platinum,33967.73,18.0,4.0,0.48,Credit Card,18.0
1504,,Female,,,Bronze,1031.95,7.0,0.0,0.3,Cash,4.0
1970,65.0,Male,South,Nykaa,Platinum,40580.7,18.0,,0.47,Buy Now Pay Later,38.0
1831,,Female,East,AJIO,Gold,34686.11,13.0,0.0,0.47,Digital Wallet,36.0
1580,67.0,Female,West,Flipkart,Platinum,36080.58,16.0,1.0,0.52,Credit Card,22.0
,42.0,Female,,Nykaa,Silver,603.47,,1.0,,Buy Now Pay Later,17.0
1163,48.0,Male,South,Snapdeal,Bronze,,12.0,,0.16,Digital Wallet,
1909,27.0,Female,East,,Gold,17444.94,33.0,5.0,0.55,,42.0
1153,18.0,Male,East,Reliance Digital,Platinum,83451.18,34.0,3.0,0.59,,38.0
1802,37.0,Male,North,Nykaa,Gold,71893.08,55.0,1.0,0.44,,73.0
1994,26.0,Male,North,Reliance Digital,Silver,608.49,16.0,,0.24,Cash,
1756,58.0,Female,Central,,Bronze,1740.34,7.0,1.0,0.29,Debit Card,28.0
1112,25.0,Female,West,Amazon,Platinum,102909.34,45.0,3.0,0.72,Buy Now Pay Later,70.0
1227,58.0,Female,West,Meesho,Gold,9985.03,5.0,0.0,0.53,Debit Card,
1689,32.0,Female,South,Meesho,Bronze,471.57,7.0,,0.38,Cash,19.0
1104,54.0,Female,,Amazon,Platinum,40048.45,20.0,3.0,,,
1422,25.0,Female,East,Nykaa,Bronze,,13.0,1.0,0.24,Credit Card,27.0
1420,,Female,,Reliance Digital,Bronze,789.45,14.0,2.0,0.38,Credit Card,6.0
1751,20.0,Male,North,,Gold,61252.19,,3.0,,Debit Card,81.0
1587,60.0,Female,East,Reliance Digital,Platinum,105497.09,47.0,1.0,0.57,Cash,34.0
1781,19.0,Female,East,Reliance Digital,Silver,696.37,13.0,2.0,0.35,,35.0
,,Male,North,AJIO,Gold,94565.79,51.0,3.0,0.66,,71.0
1120,50.0,,South,Amazon,Gold,33471.62,,5.0,0.54,,14.0
1054,64.0,Male,East,Flipkart,Silver,4993.71,12.0,1.0,,Digital Wallet,19.0
1152,35.0,Female,,Flipkart,,22580.98,28.0,5.0,0.35,Debit Card,56.0
1404,,Female,North,Reliance Digital,Bronze,895.92,11.0,2.0,0.19,Debit Card,25.0
1946,60.0,Female,North,Croma,Platinum,122461.23,48.0,2.0,0.59,Credit Card,58.0
1208,62.0,,South,,Bronze,1217.55,11.0,1.0,0.27,Cash,20.0
1659,49.0,Male,North,,Bronze,1119.76,12.0,1.0,0.3,Buy Now Pay Later,5.0
1844,,Female,Central,Myntra,,4733.43,9.0,1.0,,,32.0
1763,44.0,,South,Meesho,Platinum,30726.08,24.0,1.0,,Credit Card,
1009,22.0,Male,West,,Silver,1102.32,10.0,1.0,0.28,Digital Wallet,26.0
1808,19.0,,Central,,Gold,4614.27,7.0,1.0,0.67,,43.0
1037,33.0,Male,East,Flipkart,Platinum,45165.05,19.0,,0.39,Credit Card,48.0
1453,42.0,Female,West,Myntra,Platinum,27820.07,16.0,2.0,0.6,Debit Card,22.0
1652,28.0,Female,,Meesho,Gold,40725.81,,3.0,0.44,Digital Wallet,50.0
1254,22.0,Male,East,Reliance Digital,,30146.4,25.0,,,,13.0
1304,57.0,,Central,Amazon,Bronze,,8.0,0.0,0.39,Digital Wallet,15.0
,54.0,Male,South,Amazon,Platinum,29087.77,,,,,39.0
1572,33.0,Female,East,Flipkart,Silver,2067.97,4.0,1.0,0.21,Debit Card,20.0
,52.0,,West,Myntra,Gold,28997.11,16.0,3.0,0.4,Digital Wallet,
1733,53.0,Male,East,Croma,Silver,1841.74,8.0,1.0,0.3,Debit Card,10.0
1892,24.0,,Central,Nykaa,Gold,7756.36,5.0,1.0,0.63,Credit Card,
,19.0,,North,Croma,Gold,99138.53,54.0,0.0,0.63,,
1611,,Female,East,Meesho,Platinum,74862.79,35.0,0.0,0.42,Credit Card,24.0
1298,56.0,Female,North,Amazon,Platinum,41808.55,,5.0,0.53,Credit Card,16.0
1415,42.0,Female,South,Snapdeal,,1568.57,6.0,,,Debit Card,21.0
1151,,Male,Central,,Platinum,6329.52,8.0,1.0,0.86,Cash,14.0
1789,,Male,West,AJIO,,37185.19,15.0,4.0,0.31,Debit Card,32.0
1641,18.0,Female,,,Gold,87553.03,55.0,3.0,0.61,Credit Card,
1890,58.0,Male,South,Myntra,Platinum,31254.2,19.0,4.0,0.52,Credit Card,52.0
1551,62.0,Male,,,Gold,23936.52,,5.0,0.34,Credit Card,28.0
1887,64.0,Female,South,Nykaa,Bronze,,4.0,0.0,0.37,Credit Card,32.0
1489,54.0,Male,Central,Nykaa,,5215.36,7.0,1.0,,Debit Card,16.0
1148,22.0,Female,South,AJIO,Platinum,40723.05,28.0,3.0,0.59,Credit Card,51.0
1147,58.0,,East,Flipkart,Bronze,1415.22,9.0,,0.33,Digital Wallet,28.0
1721,64.0,Male,South,AJIO,,3457.18,,1.0,0.77,Cash,28.0
1932,,Female,,Croma,Silver,,7.0,1.0,0.31,Debit Card,5.0
,22.0,Female,East,Nykaa,Gold,40164.7,24.0,4.0,0.42,Credit Card,25.0
1660,26.0,Female,South,Snapdeal,Bronze,1649.93,15.0,0.0,0.14,Digital Wallet,
1349,54.0,Female,East,Snapdeal,Platinum,33863.94,19.0,1.0,0.58,Buy Now Pay Later,45.0
1464,38.0,Female,East,Croma,Bronze,1435.74,8.0,0.0,,Digital Wallet,30.0
1326,22.0,Male,West,Reliance Digital,Silver,1550.42,15.0,1.0,0.18,Digital Wallet,21.0
1187,44.0,Female,West,Flipkart,Silver,,8.0,1.0,0.22,Credit Card,
,44.0,,North,AJIO,,87581.82,57.0,0.0,,,53.0
1854,29.0,Female,Central,,,1993.25,10.0,,0.66,Debit Card,24.0
1609,,Female,Central,Amazon,,43778.4,14.0,5.0,0.45,Cash,27.0
1144,18.0,,,,Platinum,30647.09,23.0,4.0,0.38,Digital Wallet,21.0
1959,34.0,Female,,Snapdeal,Gold,,,0.0,,Credit Card,81.0
1198,67.0,Male,East,Meesho,,6014.13,6.0,1.0,0.85,Debit Card,32.0
1610,48.0,Female,West,Myntra,Bronze,1589.11,10.0,,0.27,Digital Wallet,7.0
1280,48.0,Male,North,Myntra,Bronze,1480.74,,2.0,0.38,Credit Card,16.0
1294,57.0,Female,Central,Croma,,34107.18,19.0,2.0,0.6,Buy Now Pay Later,31.0
1401,19.0,,North,AJIO,,83265.2,50.0,,0.51,Debit Card,55.0
1123,,Female,South,Snapdeal,Platinum,33760.6,28.0,,0.4,,38.0
1184,29.0,Female,South,Croma,Platinum,7989.96,,0.0,,Credit Card,27.0
1203,67.0,Male,East,AJIO,Platinum,103746.71,35.0,0.0,0.69,Digital Wallet,56.0
1439,52.0,Male,,Amazon,Bronze,226.33,3.0,2.0,,Credit Card,23.0
1247,30.0,Female,West,Croma,,31217.19,,1.0,0.45,,
1416,35.0,Female,East,Myntra,Gold,22608.32,25.0,,0.55,Credit Card,37.0
1933,43.0,Male,North,Nykaa,Platinum,6367.6,6.0,0.0,0.86,Credit Card,33.0
,,Female,,Flipkart,Bronze,1191.43,9.0,2.0,0.29,,17.0
1907,51.0,Female,South,Reliance Digital,Bronze,1113.03,14.0,1.0,0.37,Buy Now Pay Later,25.0
,25.0,Female,East,,Platinum,,31.0,3.0,0.44,Debit Card,
1888,38.0,Male,East,Reliance Digital,,24766.71,20.0,2.0,0.54,Debit Card,
1130,,Male,North,Flipkart,Platinum,,23.0,1.0,,Debit Card,
,40.0,Male,,Croma,Gold,42496.54,20.0,,0.43,,46.0
1403,18.0,Female,West,AJIO,Gold,40059.54,25.0,5.0,0.34,Credit Card,34.0
1785,51.0,Female,South,,Platinum,,38.0,3.0,0.55,Digital Wallet,69.0
1771,52.0,Male,North,Amazon,Platinum,71477.57,,,0.42,Cash,
1736,56.0,Male,East,Meesho,Gold,6061.61,7.0,1.0,,Credit Card,37.0
1914,34.0,Female,East,Myntra,Gold,29518.0,31.0,2.0,0.55,Digital Wallet,40.0
1220,62.0,,North,Flipkart,Silver,1025.29,3.0,2.0,0.1,Credit Card,
1642,46.0,Male,North,,Platinum,34618.53,21.0,1.0,0.58,Buy Now Pay Later,56.0
1916,67.0,Male,South,AJIO,Platinum,47393.36,28.0,0.0,0.57,Debit Card,32.0
1753,24.0,Female,West,Snapdeal,,1194.62,13.0,1.0,0.3,Credit Card,10.0
1807,,Female,North,Croma,,7478.93,10.0,1.0,0.61,Credit Card,
,53.0,Female,,Reliance Digital,Gold,78777.63,53.0,0.0,0.6,Debit Card,
1625,,Female,South,Amazon,Bronze,1316.36,2.0,2.0,0.18,Debit Card,24.0
1875,18.0,Male,East,Flipkart,Platinum,80877.97,30.0,2.0,0.53,,24.0
1761,46.0,,South,Snapdeal,Platinum,,46.0,3.0,0.52,Digital Wallet,83.0
,25.0,Female,Central,AJIO,Platinum,22719.68,12.0,0.0,0.45,Credit Card,
1973,38.0,Male,North,Croma,,787.91,9.0,,,Digital Wallet,24.0
1510,60.0,,East,Croma,Bronze,1505.07,6.0,0.0,0.22,Credit Card,26.0
1268,30.0,Male,,Croma,Bronze,1495.72,,0.0,,Cash,35.0
1820,27.0,Female,,Meesho,Platinum,32378.9,20.0,2.0,0.43,Credit Card,59.0
1442,54.0,Male,South,,Silver,,10.0,0.0,0.5,Credit Card,12.0
1497,52.0,Female,Central,Croma,Silver,808.67,15.0,2.0,0.28,,19.0
1113,49.0,Male,,Croma,Gold,5605.32,7.0,0.0,0.84,Debit Card,22.0
1692,36.0,,West,Meesho,Gold,25662.01,30.0,,0.5,Debit Card,55.0
1233,53.0,Female,North,Reliance Digital,,,12.0,2.0,0.39,Debit Card,34.0
1870,42.0,Female,West,Amazon,Bronze,2780.96,5.0,1.0,0.62,Credit Card,27.0
1608,45.0,Female,East,Reliance Digital,Gold,46137.31,25.0,,0.38,Credit Card,47.0
1672,49.0,Male,,Reliance Digital,Gold,8178.02,5.0,0.0,0.82,Digital Wallet,23.0
1374,21.0,Male,West,Snapdeal,Silver,1389.39,8.0,0.0,0.35,Debit Card,14.0
1982,43.0,,West,Reliance Digital,,1039.43,,0.0,0.12,Cash,16.0
1843,46.0,Female,South,Amazon,,,,,0.45,Debit Card,33.0
,66.0,Female,West,Myntra,Gold,23910.74,32.0,0.0,0.4,,50.0
1786,,Male,East,Meesho,Silver,5411.09,12.0,0.0,0.57,Debit Card,40.0
1677,18.0,Female,North,AJIO,Gold,72704.02,54.0,3.0,0.63,Credit Card,38.0
,62.0,Female,South,Snapdeal,,,,2.0,0.58,Debit Card,58.0
1649,33.0,Male,North,Nykaa,Silver,1318.11,6.0,0.0,0.12,,22.0
1411,50.0,Female,West,Amazon,Platinum,,26.0,4.0,0.38,Digital Wallet,31.0
,28.0,Female,Central,,Gold,,46.0,2.0,,Credit Card,71.0
1710,61.0,Male,North,Amazon,Silver,614.12,15.0,,0.23,Buy Now Pay Later,35.0
1359,18.0,,,Snapdeal,Platinum,,9.0,0.0,0.79,Debit Card,34.0
1259,42.0,Female,East,Myntra,Bronze,1629.7,16.0,,0.15,Debit Card,31.0
,,Male,West,Myntra,Platinum,38889.48,12.0,,0.41,Cash,51.0
1628,56.0,Male,West,Amazon,Silver,,13.0,1.0,0.28,Cash,8.0
1633,38.0,Male,,Myntra,,35036.0,22.0,5.0,0.59,Credit Card,32.0
1283,22.0,Female,South,AJIO,Platinum,38232.81,17.0,0.0,0.35,Debit Card,15.0
1377,26.0,Female,East,Myntra,Bronze,,6.0,,0.25,Cash,31.0
1385,36.0,Female,South,Snapdeal,,786.47,10.0,,0.3,,
1225,30.0,Female,,Nykaa,Gold,40466.63,22.0,2.0,0.46,Buy Now Pay Later,17.0
1954,67.0,,Central,Myntra,Bronze,1961.19,9.0,1.0,0.85,Digital Wallet,8.0
1815,61.0,Female,South,Amazon,,11064.78,7.0,0.0,0.66,Cash,
1473,52.0,,,Nykaa,,105053.81,57.0,1.0,0.77,Digital Wallet,32.0
1348,48.0,Male,,Nykaa,Platinum,56953.87,44.0,3.0,0.45,Debit Card,58.0
1506,19.0,Male,South,Flipkart,,101968.45,47.0,0.0,0.62,Debit Card,25.0
,61.0,Male,North,Snapdeal,,21711.33,27.0,4.0,0.46,Credit Card,14.0
1988,55.0,Female,North,AJIO,Platinum,45389.58,39.0,2.0,0.32,Debit Card,55.0
1929,30.0,Male,Central,Meesho,Bronze,1851.72,9.0,0.0,0.11,,
1906,39.0,Female,North,Myntra,,3806.72,13.0,1.0,,Digital Wallet,38.0
1620,65.0,Female,,Meesho,Bronze,1435.67,7.0,2.0,0.14,Debit Card,12.0
1856,34.0,Female,North,Nykaa,Platinum,79558.21,41.0,3.0,0.5,Buy Now Pay Later,37.0
,19.0,Female,North,Croma,Silver,1648.74,9.0,1.0,0.36,Digital Wallet,31.0
1646,40.0,,West,Nykaa,Gold,4806.74,14.0,,0.83,Digital Wallet,10.0
,20.0,Female,East,Myntra,,,46.0,,0.7,Digital Wallet,35.0
1557,24.0,Male,East,,,110005.94,48.0,2.0,0.68,Credit Card,80.0
1958,,Female,South,Myntra,Gold,99958.99,43.0,0.0,0.53,Cash,29.0
1578,61.0,Male,North,Meesho,Platinum,6478.98,9.0,,0.84,Debit Card,
1796,28.0,Female,West,Flipkart,Gold,7574.65,8.0,1.0,0.88,Digital Wallet,31.0
1086,35.0,Female,,Myntra,Platinum,36278.85,17.0,0.0,0.52,,42.0
1243,,Male,,AJIO,Platinum,6517.04,8.0,0.0,0.8,Credit Card,14.0
1699,40.0,,North,Reliance Digital,Platinum,87382.48,43.0,2.0,0.54,Credit Card,
1160,36.0,Male,North,Amazon,Silver,1201.52,3.0,1.0,,Credit Card,
1525,42.0,Female,,,Bronze,1725.66,8.0,,0.16,Credit Card,8.0
1036,59.0,Female,East,,Bronze,,14.0,0.0,,Debit Card,21.0
1541,52.0,Female,West,Snapdeal,Gold,,13.0,0.0,0.6,Cash,14.0
1171,55.0,Female,South,Nykaa,Bronze,2039.89,9.0,0.0,0.15,Digital Wallet,12.0
1655,18.0,Male,,Meesho,Gold,,31.0,2.0,0.5,Debit Card,46.0
1891,19.0,Male,East,,Bronze,1563.52,8.0,1.0,0.16,,4.0
,67.0,Male,South,,Platinum,51915.32,26.0,2.0,0.31,,22.0
,35.0,Female,West,,Silver,3887.94,7.0,0.0,0.71,Debit Card,38.0
,25.0,Female,South,,Platinum,29181.43,28.0,2.0,0.48,Cash,42.0
1734,46.0,Female,North,Amazon,Platinum,33679.02,,1.0,0.56,Credit Card,56.0
1096,62.0,,North,,Gold,26214.84,21.0,2.0,0.34,Debit Card,17.0
1564,59.0,Female,Central,Myntra,Gold,81315.02,54.0,0.0,0.69,Digital Wallet,32.0
1241,30.0,,North,Snapdeal,Gold,,7.0,1.0,0.71,Credit Card,41.0
1743,46.0,Female,Central,,Bronze,1492.38,7.0,0.0,,Debit Card,22.0
1575,23.0,Female,,Meesho,Silver,4703.38,5.0,0.0,0.54,Credit Card,21.0
1691,50.0,Male,South,AJIO,Gold,46145.45,29.0,5.0,0.52,Digital Wallet,26.0
1461,63.0,Female,East,Flipkart,Gold,69050.31,42.0,2.0,0.73,Credit Card,47.0
1554,47.0,Male,West,,Silver,573.75,14.0,2.0,,Cash,9.0
1889,54.0,Male,North,,Platinum,56608.57,50.0,0.0,0.47,Digital Wallet,36.0
1207,53.0,Female,Central,AJIO,Gold,84590.65,45.0,0.0,0.44,Debit Card,33.0
1393,43.0,Male,South,Snapdeal,Gold,40469.38,23.0,4.0,0.5,Digital Wallet,44.0
1795,59.0,Male,South,Snapdeal,,108974.83,53.0,2.0,0.61,,82.0
1398,19.0,,East,Nykaa,,36752.88,,3.0,0.48,Debit Card,40.0
1767,37.0,Female,Central,Croma,Bronze,1452.98,8.0,2.0,0.22,Digital Wallet,30.0
1849,41.0,Female,South,Myntra,Gold,34388.44,19.0,4.0,0.33,Credit Card,42.0
,47.0,Female,North,Nykaa,Silver,867.44,12.0,1.0,0.1,Buy Now Pay Later,
,21.0,Female,East,Amazon,Gold,,31.0,1.0,,Digital Wallet,43.0
1769,,Male,East,Amazon,Gold,,,4.0,0.42,,
1643,,Male,South,Flipkart,Gold,18710.24,24.0,0.0,0.47,Digital Wallet,27.0
1930,33.0,,West,Croma,Platinum,38275.51,22.0,,,Buy Now Pay Later,51.0
1613,33.0,Female,West,,Silver,1167.22,,1.0,0.2,Digital Wallet,25.0
1739,61.0,Male,West,Flipkart,Platinum,31766.04,25.0,0.0,0.36,Credit Card,44.0
1547,30.0,Female,South,Snapdeal,Gold,93788.56,,1.0,0.48,Digital Wallet,66.0
1726,19.0,Female,East,Nykaa,Bronze,409.17,,0.0,,Digital Wallet,33.0
1684,31.0,Female,Central,AJIO,Silver,,8.0,0.0,0.15,Credit Card,6.0
1099,43.0,Male,North,,Gold,83390.47,51.0,,0.54,Digital Wallet,68.0
1805,41.0,Male,North,Snapdeal,,37382.45,36.0,5.0,0.42,Debit Card,
1728,45.0,Female,North,Flipkart,Bronze,1351.94,9.0,,,Digital Wallet,23.0
1574,61.0,Female,North,Myntra,,469.34,10.0,1.0,,,27.0
1407,53.0,Female,South,Meesho,Platinum,31509.12,9.0,2.0,0.55,Credit Card,55.0
1503,42.0,Female,,Myntra,Gold,30023.72,,1.0,0.49,Cash,27.0
1048,19.0,Male,,,Gold,22008.34,24.0,1.0,0.33,Cash,
1033,20.0,Male,West,Nykaa,,89846.19,45.0,3.0,0.75,Credit Card,45.0
,28.0,Male,South,Flipkart,Bronze,1268.33,11.0,0.0,,,4.0
,61.0,Male,North,Reliance Digital,Bronze,769.41,8.0,2.0,0.28,Digital Wallet,5.0
1201,58.0,Male,,Meesho,Silver,1684.78,11.0,2.0,0.1,Cash,21.0
1135,26.0,Female,West,Snapdeal,Silver,5868.9,13.0,1.0,,Cash,38.0
1028,59.0,Male,,Flipkart,,,,,,Credit Card,33.0
1881,39.0,Female,West,Flipkart,Gold,34108.07,32.0,,0.37,Digital Wallet,48.0
1231,34.0,Female,,Snapdeal,Silver,1542.42,,2.0,0.13,Debit Card,22.0
1490,48.0,,Central,Flipkart,Platinum,8385.47,4.0,0.0,0.82,,35.0
1773,,Female,West,Meesho,Gold,100939.86,44.0,3.0,0.66,Cash,71.0
1379,,Male,,Meesho,Bronze,1239.97,13.0,1.0,,Buy Now Pay Later,27.0
1289,,,North,,Gold,23894.52,27.0,5.0,0.48,Debit Card,57.0
,33.0,Male,,Reliance Digital,Bronze,1759.84,4.0,0.0,0.31,Credit Card,6.0
,53.0,Male,Central,Flipkart,,28238.77,27.0,3.0,,Cash,33.0
1392,54.0,Male,North,,Platinum,,34.0,0.0,0.5,Credit Card,13.0
1593,,Female,South,AJIO,,71763.11,36.0,,0.45,Digital Wallet,
1499,56.0,Female,West,Amazon,Platinum,,9.0,1.0,0.89,Cash,
1139,62.0,,Central,Reliance Digital,Platinum,,,0.0,0.32,Digital Wallet,55.0
1063,,Male,Central,Reliance Digital,Silver,1462.24,16.0,1.0,0.3,Digital Wallet,
1472,58.0,Male,South,Meesho,Gold,7831.97,,,0.51,Cash,23.0
1648,64.0,Male,North,Amazon,Silver,999.85,11.0,1.0,0.26,Digital Wallet,30.0
1129,,Female,South,Myntra,Gold,93343.26,54.0,,,Cash,64.0
1977,21.0,Male,West,Myntra,Bronze,1449.15,6.0,0.0,0.36,Digital Wallet,23.0
1521,52.0,Female,,AJIO,Silver,1063.36,10.0,2.0,0.16,Debit Card,25.0
,28.0,Male,East,Nykaa,Silver,879.24,1.0,0.0,,Cash,35.0
1963,36.0,Male,South,Croma,Gold,31929.0,,,0.45,Credit Card,36.0
1065,,Female,South,Croma,Platinum,,24.0,4.0,0.48,Credit Card,31.0
,53.0,Female,South,,,99344.43,66.0,1.0,0.59,Credit Card,34.0
,56.0,,South,,Platinum,90342.5,48.0,0.0,0.68,Digital Wallet,26.0
1157,42.0,,North,Reliance Digital,Bronze,1832.22,5.0,0.0,0.38,Cash,3.0
1041,,,North,Nykaa,Platinum,82007.07,38.0,,0.43,Credit Card,29.0
1493,,Female,South,Reliance Digital,Gold,,23.0,5.0,0.33,,38.0
1380,33.0,,,Flipkart,Platinum,31880.61,,5.0,0.42,Debit Card,47.0
1188,42.0,Female,,Reliance Digital,Bronze,1234.13,6.0,2.0,0.18,Digital Wallet,12.0
1764,44.0,Male,Central,Flipkart,Bronze,702.18,10.0,1.0,0.32,Debit Card,4.0
1217,56.0,Female,East,Snapdeal,Platinum,39576.46,23.0,0.0,0.55,Digital Wallet,47.0
1792,42.0,Female,Central,Snapdeal,Bronze,616.95,7.0,1.0,0.32,Cash,
1053,42.0,Male,West,Snapdeal,Platinum,7735.69,6.0,0.0,0.59,Credit Card,43.0
1879,22.0,Male,Central,Myntra,Gold,,49.0,2.0,0.78,Cash,40.0
1338,,Female,North,AJIO,,1127.69,8.0,1.0,0.27,Digital Wallet,7.0
,47.0,Male,East,,Gold,3867.57,15.0,1.0,0.85,,19.0
,32.0,Female,South,Myntra,Bronze,1260.76,10.0,2.0,0.29,Digital Wallet,
1725,33.0,Female,West,,Silver,1396.03,12.0,2.0,0.36,Buy Now Pay Later,24.0
1296,46.0,Male,East,,,31410.27,,4.0,0.39,Cash,47.0
1702,58.0,Female,South,,Platinum,93876.53,54.0,2.0,0.76,Debit Card,34.0
1252,41.0,Female,West,Amazon,Platinum,31679.99,8.0,4.0,0.42,Credit Card,22.0
,48.0,Male,,Flipkart,Gold,85564.39,45.0,1.0,0.67,,58.0
1462,39.0,Female,West,Reliance Digital,Silver,,7.0,2.0,0.18,Credit Card,22.0
1456,57.0,Female,,Amazon,Gold,37717.79,25.0,1.0,0.57,,48.0
,44.0,Female,West,,Gold,9390.96,10.0,1.0,0.51,,15.0
1816,25.0,Male,South,Myntra,,50168.3,23.0,3.0,,Credit Card,56.0
1863,64.0,Female,Central,Snapdeal,Platinum,51109.59,,4.0,0.33,Digital Wallet,51.0
1270,49.0,Female,North,Croma,Platinum,40365.93,,,0.55,Credit Card,51.0
1202,35.0,,Central,Amazon,Platinum,79115.28,44.0,1.0,,,35.0
1162,,,South,Reliance Digital,,630.42,8.0,0.0,,Credit Card,35.0
,58.0,Male,Central,Myntra,Gold,,35.0,2.0,0.36,Credit Card,26.0
1730,47.0,Female,,Myntra,Platinum,99739.85,43.0,2.0,0.74,,24.0
,,Male,South,,,8373.47,12.0,0.0,0.51,Credit Card,19.0
1703,58.0,Male,West,,Platinum,,,1.0,0.35,Debit Card,41.0
1477,61.0,Female,,Reliance Digital,Gold,,37.0,1.0,0.76,Credit Card,60.0
1822,38.0,Female,West,Nykaa,Platinum,,47.0,0.0,0.79,Credit Card,
1772,25.0,Male,North,AJIO,Silver,992.7,15.0,,0.37,Digital Wallet,9.0
,24.0,Male,South,Reliance Digital,Gold,38640.49,28.0,2.0,0.57,Credit Card,
1566,,,Central,,Silver,1255.32,,2.0,0.13,Debit Card,26.0
1390,,Female,West,Reliance Digital,Bronze,1670.88,12.0,1.0,,Credit Card,9.0
1002,45.0,Male,East,Snapdeal,Platinum,7518.42,,0.0,0.78,Credit Card,32.0
1938,27.0,Male,East,Flipkart,Platinum,6409.34,7.0,0.0,0.8,Debit Card,
1983,53.0,Female,East,AJIO,,98955.53,36.0,2.0,0.59,Credit Card,35.0
1562,54.0,Female,East,Nykaa,,18536.27,26.0,,0.54,Buy Now Pay Later,47.0
1081,21.0,Female,East,Amazon,,,,1.0,0.53,,
1206,,Male,East,Amazon,Platinum,67218.06,52.0,3.0,,Credit Card,42.0
1035,26.0,Female,East,Reliance Digital,Gold,,3.0,1.0,0.65,,40.0
1776,47.0,Male,South,Croma,Platinum,99339.06,49.0,3.0,0.53,,38.0
,60.0,Male,,Amazon,,4828.14,8.0,1.0,0.9,Credit Card,41.0
,49.0,,,Meesho,Gold,6161.58,,1.0,,Credit Card,
1455,64.0,Male,North,Myntra,Gold,75930.07,,2.0,0.55,Digital Wallet,83.0
1367,55.0,Male,,Meesho,Platinum,6901.21,2.0,0.0,0.56,Buy Now Pay Later,35.0
1092,,Female,West,Croma,Bronze,1219.83,9.0,2.0,0.2,Digital Wallet,30.0
1340,48.0,Male,West,Croma,,107745.91,52.0,2.0,0.66,Credit Card,83.0
1898,51.0,Female,,Amazon,Platinum,6416.96,,1.0,0.65,Digital Wallet,16.0
1565,65.0,Female,East,Croma,Gold,34762.07,20.0,,0.58,,55.0
1346,27.0,,North,Nykaa,Bronze,726.28,10.0,1.0,0.37,Digital Wallet,19.0
1777,39.0,Female,Central,AJIO,Gold,43772.38,,4.0,0.5,Credit Card,39.0
1242,25.0,Female,Central,Amazon,Gold,4983.22,6.0,1.0,0.59,Debit Card,24.0
,21.0,Male,East,Croma,Platinum,33188.13,18.0,3.0,0.42,Credit Card,25.0
1316,58.0,Female,West,Amazon,Bronze,1256.5,1.0,0.0,0.24,Debit Card,17.0
1601,,,South,Myntra,Platinum,57070.75,48.0,0.0,0.74,Digital Wallet,
1388,31.0,Male,North,Snapdeal,Platinum,98920.68,52.0,0.0,,Debit Card,78.0
1274,,Female,South,Myntra,Bronze,,9.0,1.0,0.51,,40.0
1167,56.0,Female,East,Croma,Gold,27308.09,28.0,2.0,,Buy Now Pay Later,12.0
1841,35.0,Female,East,Nykaa,Platinum,,55.0,3.0,0.5,,37.0
1993,21.0,Female,South,Myntra,Platinum,34185.4,29.0,2.0,0.56,Credit Card,49.0
1647,45.0,Male,East,,Bronze,,6.0,1.0,0.18,Digital Wallet,33.0
1819,48.0,Male,West,Meesho,Platinum,77790.28,68.0,3.0,,Debit Card,74.0
1485,30.0,Female,East,AJIO,Bronze,,9.0,,0.2,Debit Card,10.0
1981,62.0,Male,,Nykaa,Platinum,23234.71,28.0,2.0,0.39,Credit Card,25.0
1505,54.0,Female,North,Flipkart,Bronze,1543.45,8.0,,0.12,Credit Card,
1832,63.0,Female,West,Myntra,Platinum,41390.15,18.0,,0.4,Cash,22.0
,34.0,Female,East,Flipkart,Gold,28224.7,,0.0,0.36,Digital Wallet,53.0
1567,,Female,Central,Snapdeal,Gold,30455.8,19.0,0.0,0.43,Debit Card,50.0
1876,23.0,Female,South,Amazon,Platinum,87910.83,,0.0,0.53,Credit Card,
1563,19.0,Female,West,Nykaa,Gold,113851.69,,,0.51,Debit Card,77.0
,40.0,,East,Flipkart,Bronze,1977.84,8.0,1.0,0.13,Credit Card,22.0
1190,25.0,Male,South,AJIO,Gold,36156.76,26.0,4.0,0.33,Cash,32.0
,,,East,Flipkart,Gold,26040.07,22.0,5.0,0.46,Credit Card,28.0
1700,65.0,Male,Central,Meesho,Gold,,17.0,4.0,0.31,Credit Card,14.0
1476,,,West,Nykaa,Silver,5204.97,7.0,1.0,0.63,Buy Now Pay Later,8.0
1682,50.0,Male,Central,Nykaa,Platinum,13638.03,34.0,5.0,0.33,Debit Card,46.0
,49.0,,East,Croma,Bronze,1864.8,8.0,2.0,0.33,,19.0
1059,38.0,Female,East,,Gold,92696.59,45.0,2.0,,Credit Card,65.0
1475,23.0,Male,Central,Flipkart,Platinum,45073.87,30.0,3.0,0.6,,
1561,60.0,Male,North,Myntra,Bronze,866.27,12.0,2.0,0.11,,
,18.0,Female,West,Myntra,Platinum,88955.34,57.0,3.0,0.61,Buy Now Pay Later,39.0
1748,,Male,North,AJIO,Gold,20286.32,23.0,4.0,0.36,,12.0
1253,22.0,,North,Myntra,Silver,5448.6,10.0,1.0,,Buy Now Pay Later,45.0
1022,38.0,Female,Central,Nykaa,Platinum,102403.33,,3.0,,,29.0
1314,32.0,,South,Flipkart,Gold,,10.0,1.0,0.67,Debit Card,7.0
1460,,,,Myntra,Platinum,82330.93,52.0,0.0,0.66,Buy Now Pay Later,38.0
1161,35.0,Female,West,,,24539.4,25.0,5.0,0.47,Credit Card,42.0
1277,53.0,Male,West,Reliance Digital,Bronze,1738.43,13.0,1.0,0.14,Debit Card,4.0
1956,33.0,Female,South,Amazon,Platinum,,24.0,4.0,0.43,Credit Card,15.0
,29.0,Male,Central,Nykaa,Silver,5451.12,8.0,0.0,,,44.0
1386,45.0,,South,Snapdeal,,2106.29,10.0,0.0,0.33,Credit Card,33.0
,48.0,Male,South,Myntra,Silver,1575.99,,2.0,0.16,Credit Card,19.0
1414,39.0,Male,Central,Flipkart,Bronze,,9.0,2.0,0.24,Digital Wallet,28.0
1492,45.0,Female,West,Amazon,Bronze,1538.21,14.0,2.0,0.36,Credit Card,6.0
1344,31.0,Male,West,Meesho,Gold,38888.29,,4.0,0.52,,53.0
1770,46.0,Male,,Meesho,Bronze,1260.62,3.0,,0.33,Debit Card,28.0
1309,48.0,Male,North,Nykaa,Bronze,,9.0,0.0,0.34,Debit Card,
1662,43.0,Male,Central,Reliance Digital,,6015.19,13.0,,0.88,Credit Card,43.0
1131,38.0,Female,West,Croma,Platinum,36517.69,29.0,0.0,,Digital Wallet,19.0
1664,62.0,Female,South,AJIO,Platinum,35916.23,34.0,1.0,0.4,,57.0
1872,29.0,Female,East,Croma,Platinum,47941.99,33.0,1.0,0.54,Cash,48.0
1100,49.0,Male,South,Snapdeal,Gold,,,,0.47,Credit Card,36.0
1373,39.0,,,Amazon,Platinum,83195.94,48.0,2.0,,Debit Card,49.0
1088,53.0,Female,South,Nykaa,,1600.23,7.0,2.0,0.24,Credit Card,34.0
,40.0,Male,North,Meesho,,105521.48,38.0,,,Credit Card,66.0
1331,,Male,West,Meesho,Platinum,31840.3,27.0,1.0,0.56,Cash,58.0
1215,20.0,,,Amazon,Bronze,681.59,12.0,2.0,,Credit Card,23.0
1467,50.0,Male,North,Nykaa,Platinum,,32.0,4.0,0.38,Buy Now Pay Later,
1122,33.0,Female,South,Snapdeal,Platinum,7962.63,11.0,1.0,0.85,Debit Card,36.0
1615,,Male,Central,Meesho,Platinum,,10.0,0.0,0.85,Buy Now Pay Later,
,,Female,,Myntra,Silver,818.38,6.0,1.0,0.18,Debit Card,16.0
1701,27.0,Male,West,Snapdeal,Platinum,32779.65,,3.0,0.48,Digital Wallet,54.0
1072,37.0,,West,Reliance Digital,Platinum,98602.87,46.0,0.0,0.42,,41.0
1107,50.0,Female,North,AJIO,Platinum,30243.15,11.0,5.0,0.54,,
1271,62.0,Male,West,AJIO,Bronze,1497.55,12.0,,0.38,Digital Wallet,29.0
1861,50.0,Male,West,Flipkart,Silver,1648.34,7.0,0.0,0.27,Cash,4.0
1436,46.0,Male,West,Myntra,Bronze,,8.0,1.0,0.29,Credit Card,
1103,52.0,Female,East,Croma,Gold,,,4.0,0.49,Credit Card,46.0
